postcode,city,state
01000,Kangar,Perlis
01007,Kangar,Perlis
01009,Kangar,Perlis
01500,Kangar,Perlis
01502,Kangar,Perlis
01503,Kangar,Perlis
01504,Kangar,Perlis
01505,Kangar,Perlis
01506,Kangar,Perlis
01508,Kangar,Perlis
01512,Kangar,Perlis
01514,Kangar,Perlis
01516,Kangar,Perlis
01517,Kangar,Perlis
01518,Kangar,Perlis
01524,Kangar,Perlis
01529,Kangar,Perlis
01532,Kangar,Perlis
01538,Kangar,Perlis
01540,Kangar,Perlis
01542,Kangar,Perlis
01546,Kangar,Perlis
01550,Kangar,Perlis
01551,Kangar,Perlis
01556,Kangar,Perlis
01560,Kangar,Perlis
01564,Kangar,Perlis
01570,Kangar,Perlis
01572,Kangar,Perlis
01576,Kangar,Perlis
01578,Kangar,Perlis
01582,Kangar,Perlis
01586,Kangar,Perlis
01590,Kangar,Perlis
01592,Kangar,Perlis
01594,Kangar,Perlis
01596,Kangar,Perlis
01598,Kangar,Perlis
01600,Kangar,Perlis
01604,Kangar,Perlis
01606,Kangar,Perlis
01608,Kangar,Perlis
01609,Kangar,Perlis
01610,Kangar,Perlis
01612,Kangar,Perlis
01614,Kangar,Perlis
01620,Kangar,Perlis
01622,Kangar,Perlis
01626,Kangar,Perlis
01628,Kangar,Perlis
01630,Kangar,Perlis
01632,Kangar,Perlis
01634,Kangar,Perlis
01644,Kangar,Perlis
01646,Kangar,Perlis
01648,Kangar,Perlis
01660,Kangar,Perlis
01664,Kangar,Perlis
01670,Kangar,Perlis
01672,Kangar,Perlis
01673,Kangar,Perlis
01674,Kangar,Perlis
01676,Kangar,Perlis
01680,Kangar,Perlis
01694,Kangar,Perlis
01990,Kangar,Perlis
02000,Kuala Perlis,Perlis
02100,Padang Besar,Perlis
02200,Kaki Bukit,Perlis
02400,Beseri,Perlis
02450,Beseri,Perlis
02500,Mata Ayer,Perlis
02600,Arau,Perlis
02607,Arau,Perlis
02609,Arau,Perlis
02700,Simpang Ampat,Perlis
02707,Simpang Ampat,Perlis
02709,Simpang Ampat,Perlis
02800,Simpang Ampat,Perlis
05000,Alor Setar,Kedah
05050,Alor Setar,Kedah
05100,Alor Setar,Kedah
05150,Alor Setar,Kedah
05200,Alor Setar,Kedah
05250,Alor Setar,Kedah
05300,Alor Setar,Kedah
05350,Alor Setar,Kedah
05400,Alor Setar,Kedah
05460,Alor Setar,Kedah
05500,Alor Setar,Kedah
05502,Alor Setar,Kedah
05503,Alor Setar,Kedah
05504,Alor Setar,Kedah
05505,Alor Setar,Kedah
05506,Alor Setar,Kedah
05508,Alor Setar,Kedah
05512,Alor Setar,Kedah
05514,Alor Setar,Kedah
05516,Alor Setar,Kedah
05517,Alor Setar,Kedah
05518,Alor Setar,Kedah
05520,Alor Setar,Kedah
05532,Alor Setar,Kedah
05534,Alor Setar,Kedah
05536,Alor Setar,Kedah
05538,Alor Setar,Kedah
05550,Alor Setar,Kedah
05551,Alor Setar,Kedah
05552,Alor Setar,Kedah
05556,Alor Setar,Kedah
05558,Alor Setar,Kedah
05560,Alor Setar,Kedah
05564,Alor Setar,Kedah
05576,Alor Setar,Kedah
05578,Alor Setar,Kedah
05580,Alor Setar,Kedah
05582,Alor Setar,Kedah
05586,Alor Setar,Kedah
05590,Alor Setar,Kedah
05592,Alor Setar,Kedah
05594,Alor Setar,Kedah
05600,Alor Setar,Kedah
05604,Alor Setar,Kedah
05610,Alor Setar,Kedah
05612,Alor Setar,Kedah
05614,Alor Setar,Kedah
05620,Alor Setar,Kedah
05621,Alor Setar,Kedah
05622,Alor Setar,Kedah
05626,Alor Setar,Kedah
05628,Alor Setar,Kedah
05630,Alor Setar,Kedah
05632,Alor Setar,Kedah
05644,Alor Setar,Kedah
05646,Alor Setar,Kedah
05660,Alor Setar,Kedah
05661,Alor Setar,Kedah
05664,Alor Setar,Kedah
05670,Alor Setar,Kedah
05672,Alor Setar,Kedah
05673,Alor Setar,Kedah
05674,Alor Setar,Kedah
05675,Alor Setar,Kedah
05676,Alor Setar,Kedah
05680,Alor Setar,Kedah
05690,Alor Setar,Kedah
05696,Alor Setar,Kedah
05700,Alor Setar,Kedah
05710,Alor Setar,Kedah
05720,Alor Setar,Kedah
05990,Alor Setar,Kedah
06000,Jitra,Kedah
06007,Jitra,Kedah
06009,Jitra,Kedah
06010,Changloon,Kedah
06050,Bukit Kayu Hitam,Kedah
06060,Bukit Kayu Hitam,Kedah
06100,Kodiang,Kedah
06150,Ayer Hitam,Kedah
06200,Kepala Batas,Kedah
06207,Kepala Batas,Kedah
06209,Kepala Batas,Kedah
06250,Alor Setar,Kedah
06300,Kuala Nerang,Kedah
06309,Kuala Nerang,Kedah
06350,Pokok Sena,Kedah
06400,Pokok Sena,Kedah
06500,Langgar,Kedah
06507,Langgar,Kedah
06509,Langgar,Kedah
06550,Alor Setar,Kedah
06570,Alor Setar,Kedah
06600,Kuala Kedah,Kedah
06650,Simpang Empat,Kedah
06660,Simpang Empat,Kedah
06700,Pendang,Kedah
06707,Pendang,Kedah
06709,Pendang,Kedah
06710,Lubuk Merbau,Kedah
06720,Pendang,Kedah
06750,Pendang,Kedah
06760,Pokok Sena,Kedah
06800,Kota Sarang Semut,Kedah
06900,Yan,Kedah
06910,Yan,Kedah
07000,Langkawi,Kedah
07007,Langkawi,Kedah
07009,Langkawi,Kedah
08000,Sungai Petani,Kedah
08007,Sungai Petani,Kedah
08009,Sungai Petani,Kedah
08010,Kuala Ketil,Kedah
08100,Sungai Petani,Kedah
08107,Bedong,Kedah
08109,Bedong,Kedah
08110,Bedong,Kedah
08200,Sik,Kedah
08210,Sik,Kedah
08300,Gurun,Kedah
08307,Gurun,Kedah
08320,Gurun,Kedah
08400,Merbok,Kedah
08407,Merbok,Kedah
08409,Merbok,Kedah
08500,Kota Kuala Muda,Kedah
08507,Kota Kuala Muda,Kedah
08509,Kota Kuala Muda,Kedah
08600,Tikam Batu,Kedah
08700,Jeniang,Kedah
08800,Gurun,Kedah
09000,Kulim,Kedah
09007,Kulim,Kedah
09009,Kulim,Kedah
09010,Karangan,Kedah
09020,Karangan,Kedah
09090,Kulim,Kedah
09100,Baling,Kedah
09109,Baling,Kedah
09110,Baling,Kedah
09120,Baling,Kedah
09130,Baling,Kedah
09200,Kupang,Kedah
09300,Kuala Ketil,Kedah
09309,Kuala Ketil,Kedah
09310,Kuala Ketil,Kedah
09400,Padang Serai,Kedah
09409,Padang Serai,Kedah
09410,Padang Serai,Kedah
09500,Karangan,Kedah
09600,Kulim,Kedah
09700,Karangan,Kedah
09709,Karangan,Kedah
09800,Serdang,Kedah
09809,Serdang,Kedah
09810,Serdang,Kedah
09870,Sungai Kechil Ilir,Kedah
09880,Relau,Kedah
10000,Pulau Pinang,Pulau Pinang
10050,Pulau Pinang,Pulau Pinang
10100,Pulau Pinang,Pulau Pinang
10150,Pulau Pinang,Pulau Pinang
10200,Pulau Pinang,Pulau Pinang
10250,Pulau Pinang,Pulau Pinang
10300,Pulau Pinang,Pulau Pinang
10350,Pulau Pinang,Pulau Pinang
10400,Pulau Pinang,Pulau Pinang
10450,Pulau Pinang,Pulau Pinang
10460,Pulau Pinang,Pulau Pinang
10470,Pulau Pinang,Pulau Pinang
10500,Pulau Pinang,Pulau Pinang
10502,Pulau Pinang,Pulau Pinang
10503,Pulau Pinang,Pulau Pinang
10504,Pulau Pinang,Pulau Pinang
10505,Pulau Pinang,Pulau Pinang
10506,Pulau Pinang,Pulau Pinang
10508,Pulau Pinang,Pulau Pinang
10512,Pulau Pinang,Pulau Pinang
10514,Pulau Pinang,Pulau Pinang
10516,Pulau Pinang,Pulau Pinang
10518,Pulau Pinang,Pulau Pinang
10524,Pulau Pinang,Pulau Pinang
10534,Pulau Pinang,Pulau Pinang
10538,Pulau Pinang,Pulau Pinang
10540,Pulau Pinang,Pulau Pinang
10542,Pulau Pinang,Pulau Pinang
10546,Pulau Pinang,Pulau Pinang
10550,Pulau Pinang,Pulau Pinang
10551,Pulau Pinang,Pulau Pinang
10552,Pulau Pinang,Pulau Pinang
10558,Pulau Pinang,Pulau Pinang
10560,Pulau Pinang,Pulau Pinang
10564,Pulau Pinang,Pulau Pinang
10566,Pulau Pinang,Pulau Pinang
10570,Pulau Pinang,Pulau Pinang
10576,Pulau Pinang,Pulau Pinang
10578,Pulau Pinang,Pulau Pinang
10582,Pulau Pinang,Pulau Pinang
10590,Pulau Pinang,Pulau Pinang
10592,Pulau Pinang,Pulau Pinang
10593,Pulau Pinang,Pulau Pinang
10594,Pulau Pinang,Pulau Pinang
10596,Pulau Pinang,Pulau Pinang
10600,Pulau Pinang,Pulau Pinang
10604,Pulau Pinang,Pulau Pinang
10609,Pulau Pinang,Pulau Pinang
10610,Pulau Pinang,Pulau Pinang
10612,Pulau Pinang,Pulau Pinang
10620,Pulau Pinang,Pulau Pinang
10622,Pulau Pinang,Pulau Pinang
10626,Pulau Pinang,Pulau Pinang
10628,Pulau Pinang,Pulau Pinang
10634,Pulau Pinang,Pulau Pinang
10646,Pulau Pinang,Pulau Pinang
10648,Pulau Pinang,Pulau Pinang
10660,Pulau Pinang,Pulau Pinang
10661,Pulau Pinang,Pulau Pinang
10662,Pulau Pinang,Pulau Pinang
10670,Pulau Pinang,Pulau Pinang
10672,Pulau Pinang,Pulau Pinang
10673,Pulau Pinang,Pulau Pinang
10674,Pulau Pinang,Pulau Pinang
10676,Pulau Pinang,Pulau Pinang
10690,Pulau Pinang,Pulau Pinang
10700,Pulau Pinang,Pulau Pinang
10710,Pulau Pinang,Pulau Pinang
10720,Pulau Pinang,Pulau Pinang
10730,Pulau Pinang,Pulau Pinang
10740,Pulau Pinang,Pulau Pinang
10750,Pulau Pinang,Pulau Pinang
10760,Pulau Pinang,Pulau Pinang
10770,Pulau Pinang,Pulau Pinang
10780,Pulau Pinang,Pulau Pinang
10790,Pulau Pinang,Pulau Pinang
10800,Pulau Pinang,Pulau Pinang
10810,Pulau Pinang,Pulau Pinang
10820,Pulau Pinang,Pulau Pinang
10830,Pulau Pinang,Pulau Pinang
10840,Pulau Pinang,Pulau Pinang
10850,Pulau Pinang,Pulau Pinang
10910,Pulau Pinang,Pulau Pinang
10920,Pulau Pinang,Pulau Pinang
10990,Pulau Pinang,Pulau Pinang
11000,Balik Pulau,Pulau Pinang
11010,Balik Pulau,Pulau Pinang
11020,Balik Pulau,Pulau Pinang
11050,Teluk Bahang,Pulau Pinang
11060,Paya Terubong,Pulau Pinang
11100,Batu Ferringhi,Pulau Pinang
11200,Tanjung Bungah,Pulau Pinang
11300,Bukit Bendera,Pulau Pinang
11400,Padang Tembak,Pulau Pinang
11409,Padang Tembak,Pulau Pinang
11500,Air Itam,Pulau Pinang
11600,Jelutong,Pulau Pinang
11609,Jelutong,Pulau Pinang
11700,Gelugor,Pulau Pinang
11800,Minden,Pulau Pinang
11900,Bayan Lepas,Pulau Pinang
11910,Bayan Lepas,Pulau Pinang
11920,Bayan Lepas,Pulau Pinang
11950,Bayan Lepas,Pulau Pinang
11960,Bayan Lepas,Pulau Pinang
11980,Bayan Lepas,Pulau Pinang
11988,Bayan Lepas,Pulau Pinang
12000,Butterworth,Pulau Pinang
12100,Butterworth,Pulau Pinang
12200,Butterworth,Pulau Pinang
12300,Butterworth,Pulau Pinang
12700,Butterworth,Pulau Pinang
12710,Butterworth,Pulau Pinang
12720,Butterworth,Pulau Pinang
12990,Butterworth,Pulau Pinang
13000,Butterworth,Pulau Pinang
13009,Butterworth,Pulau Pinang
13020,Butterworth,Pulau Pinang
13050,Butterworth,Pulau Pinang
13100,Penaga,Pulau Pinang
13110,Penaga,Pulau Pinang
13200,Kepala Batas,Pulau Pinang
13210,Kepala Batas,Pulau Pinang
13220,Kepala Batas,Pulau Pinang
13300,Tasek Gelugor,Pulau Pinang
13310,Tasek Gelugor,Pulau Pinang
13400,Butterworth,Pulau Pinang
13409,Butterworth,Pulau Pinang
13500,Permatang Pauh,Pulau Pinang
13600,Perai,Pulau Pinang
13700,Seberang Jaya,Pulau Pinang
13800,Butterworth,Pulau Pinang
14000,Bukit Mertajam,Pulau Pinang
14007,Bukit Mertajam,Pulau Pinang
14009,Bukit Mertajam,Pulau Pinang
14020,Bukit Mertajam,Pulau Pinang
14100,Simpang Ampat,Pulau Pinang
14110,Simpang Ampat,Pulau Pinang
14120,Simpang Ampat,Pulau Pinang
14200,Sungai Jawi,Pulau Pinang
14300,Nibong Tebal,Pulau Pinang
14310,Nibong Tebal,Pulau Pinang
14320,Nibong Tebal,Pulau Pinang
14400,Kubang Semang,Pulau Pinang
15000,Kota Bharu,Kelantan
15050,Kota Bharu,Kelantan
15100,Kota Bharu,Kelantan
15150,Kota Bharu,Kelantan
15159,Kota Bharu,Kelantan
15200,Kota Bharu,Kelantan
15300,Kota Bharu,Kelantan
15350,Kota Bharu,Kelantan
15400,Kota Bharu,Kelantan
15500,Kota Bharu,Kelantan
15502,Kota Bharu,Kelantan
15503,Kota Bharu,Kelantan
15504,Kota Bharu,Kelantan
15505,Kota Bharu,Kelantan
15506,Kota Bharu,Kelantan
15508,Kota Bharu,Kelantan
15512,Kota Bharu,Kelantan
15514,Kota Bharu,Kelantan
15516,Kota Bharu,Kelantan
15517,Kota Bharu,Kelantan
15518,Kota Bharu,Kelantan
15519,Kota Bharu,Kelantan
15520,Kota Bharu,Kelantan
15524,Kota Bharu,Kelantan
15529,Kota Bharu,Kelantan
15532,Kota Bharu,Kelantan
15534,Kota Bharu,Kelantan
15536,Kota Bharu,Kelantan
15538,Kota Bharu,Kelantan
15540,Kota Bharu,Kelantan
15546,Kota Bharu,Kelantan
15548,Kota Bharu,Kelantan
15550,Kota Bharu,Kelantan
15551,Kota Bharu,Kelantan
15552,Kota Bharu,Kelantan
15556,Kota Bharu,Kelantan
15558,Kota Bharu,Kelantan
15560,Kota Bharu,Kelantan
15564,Kota Bharu,Kelantan
15570,Kota Bharu,Kelantan
15572,Kota Bharu,Kelantan
15576,Kota Bharu,Kelantan
15578,Kota Bharu,Kelantan
15582,Kota Bharu,Kelantan
15586,Kota Bharu,Kelantan
15590,Kota Bharu,Kelantan
15592,Kota Bharu,Kelantan
15594,Kota Bharu,Kelantan
15596,Kota Bharu,Kelantan
15600,Kota Bharu,Kelantan
15604,Kota Bharu,Kelantan
15608,Kota Bharu,Kelantan
15609,Kota Bharu,Kelantan
15612,Kota Bharu,Kelantan
15614,Kota Bharu,Kelantan
15616,Kota Bharu,Kelantan
15620,Kota Bharu,Kelantan
15622,Kota Bharu,Kelantan
15623,Kota Bharu,Kelantan
15626,Kota Bharu,Kelantan
15628,Kota Bharu,Kelantan
15630,Kota Bharu,Kelantan
15632,Kota Bharu,Kelantan
15634,Kota Bharu,Kelantan
15644,Kota Bharu,Kelantan
15646,Kota Bharu,Kelantan
15648,Kota Bharu,Kelantan
15658,Kota Bharu,Kelantan
15660,Kota Bharu,Kelantan
15661,Kota Bharu,Kelantan
15664,Kota Bharu,Kelantan
15670,Kota Bharu,Kelantan
15672,Kota Bharu,Kelantan
15673,Kota Bharu,Kelantan
15674,Kota Bharu,Kelantan
15675,Kota Bharu,Kelantan
15676,Kota Bharu,Kelantan
15680,Kota Bharu,Kelantan
15690,Kota Bharu,Kelantan
15710,Kota Bharu,Kelantan
15720,Kota Bharu,Kelantan
15730,Kota Bharu,Kelantan
15740,Kota Bharu,Kelantan
15988,Kota Bharu,Kelantan
15990,Kota Bharu,Kelantan
16010,Kota Bharu,Kelantan
16020,Bachok,Kelantan
16040,Wakaf Bharu,Kelantan
16050,Bachok,Kelantan
16070,Bachok,Kelantan
16080,Tumpat,Kelantan
16090,Bachok,Kelantan
16100,Kota Bharu,Kelantan
16109,Kota Bharu,Kelantan
16150,Kota Bharu,Kelantan
16200,Tumpat,Kelantan
16210,Tumpat,Kelantan
16250,Wakaf Bharu,Kelantan
16300,Bachok,Kelantan
16309,Bachok,Kelantan
16310,Bachok,Kelantan
16400,Melor,Kelantan
16450,Kota Bharu,Kelantan
16500,Kota Bharu,Kelantan
16600,Machang,Kelantan
16700,Pasir Puteh,Kelantan
16800,Pasir Puteh,Kelantan
16810,Pasir Puteh,Kelantan
17000,Pasir Mas,Kelantan
17007,Pasir Mas,Kelantan
17009,Pasir Mas,Kelantan
17010,Pasir Mas,Kelantan
17020,Pasir Mas,Kelantan
17030,Pasir Mas,Kelantan
17040,Pasir Mas,Kelantan
17050,Pasir Mas,Kelantan
17060,Pasir Mas,Kelantan
17070,Pasir Mas,Kelantan
17200,Rantau Panjang,Kelantan
17207,Rantau Panjang,Kelantan
17500,Tanah Merah,Kelantan
17507,Tanah Merah,Kelantan
17509,Tanah Merah,Kelantan
17510,Tanah Merah,Kelantan
17600,Jeli,Kelantan
17609,Jeli,Kelantan
17610,Jeli,Kelantan
17700,Ayer Lanas,Kelantan
18000,Kuala Krai,Kelantan
18007,Kuala Krai,Kelantan
18009,Kuala Krai,Kelantan
18050,Kuala Krai,Kelantan
18200,Kuala Krai,Kelantan
18300,Gua Musang,Kelantan
18307,Gua Musang,Kelantan
18400,Machang,Kelantan
18500,Machang,Kelantan
18509,Machang,Kelantan
20000,Kuala Terengganu,Terengganu
20050,Kuala Terengganu,Terengganu
20100,Kuala Terengganu,Terengganu
20200,Kuala Terengganu,Terengganu
20300,Kuala Terengganu,Terengganu
20400,Kuala Terengganu,Terengganu
20500,Kuala Terengganu,Terengganu
20502,Kuala Terengganu,Terengganu
20503,Kuala Terengganu,Terengganu
20504,Kuala Terengganu,Terengganu
20505,Kuala Terengganu,Terengganu
20506,Kuala Terengganu,Terengganu
20508,Kuala Terengganu,Terengganu
20512,Kuala Terengganu,Terengganu
20514,Kuala Terengganu,Terengganu
20516,Kuala Terengganu,Terengganu
20517,Kuala Terengganu,Terengganu
20518,Kuala Terengganu,Terengganu
20519,Kuala Terengganu,Terengganu
20520,Kuala Terengganu,Terengganu
20532,Kuala Terengganu,Terengganu
20534,Kuala Terengganu,Terengganu
20536,Kuala Terengganu,Terengganu
20538,Kuala Terengganu,Terengganu
20540,Kuala Terengganu,Terengganu
20542,Kuala Terengganu,Terengganu
20546,Kuala Terengganu,Terengganu
20548,Kuala Terengganu,Terengganu
20550,Kuala Terengganu,Terengganu
20551,Kuala Terengganu,Terengganu
20552,Kuala Terengganu,Terengganu
20554,Kuala Terengganu,Terengganu
20556,Kuala Terengganu,Terengganu
20560,Kuala Terengganu,Terengganu
20564,Kuala Terengganu,Terengganu
20566,Kuala Terengganu,Terengganu
20568,Kuala Terengganu,Terengganu
20570,Kuala Terengganu,Terengganu
20572,Kuala Terengganu,Terengganu
20576,Kuala Terengganu,Terengganu
20578,Kuala Terengganu,Terengganu
20582,Kuala Terengganu,Terengganu
20586,Kuala Terengganu,Terengganu
20590,Kuala Terengganu,Terengganu
20592,Kuala Terengganu,Terengganu
20594,Kuala Terengganu,Terengganu
20596,Kuala Terengganu,Terengganu
20598,Kuala Terengganu,Terengganu
20600,Kuala Terengganu,Terengganu
20604,Kuala Terengganu,Terengganu
20606,Kuala Terengganu,Terengganu
20608,Kuala Terengganu,Terengganu
20609,Kuala Terengganu,Terengganu
20610,Kuala Terengganu,Terengganu
20612,Kuala Terengganu,Terengganu
20614,Kuala Terengganu,Terengganu
20618,Kuala Terengganu,Terengganu
20620,Kuala Terengganu,Terengganu
20622,Kuala Terengganu,Terengganu
20626,Kuala Terengganu,Terengganu
20628,Kuala Terengganu,Terengganu
20630,Kuala Terengganu,Terengganu
20632,Kuala Terengganu,Terengganu
20646,Kuala Terengganu,Terengganu
20648,Kuala Terengganu,Terengganu
20656,Kuala Terengganu,Terengganu
20658,Kuala Terengganu,Terengganu
20660,Kuala Terengganu,Terengganu
20661,Kuala Terengganu,Terengganu
20662,Kuala Terengganu,Terengganu
20664,Kuala Terengganu,Terengganu
20668,Kuala Terengganu,Terengganu
20670,Kuala Terengganu,Terengganu
20672,Kuala Terengganu,Terengganu
20673,Kuala Terengganu,Terengganu
20674,Kuala Terengganu,Terengganu
20675,Kuala Terengganu,Terengganu
20676,Kuala Terengganu,Terengganu
20680,Kuala Terengganu,Terengganu
20690,Kuala Terengganu,Terengganu
20698,Kuala Terengganu,Terengganu
20700,Kuala Terengganu,Terengganu
20710,Kuala Terengganu,Terengganu
20720,Kuala Terengganu,Terengganu
20900,Kuala Terengganu,Terengganu
20902,Kuala Terengganu,Terengganu
20904,Kuala Terengganu,Terengganu
20906,Kuala Terengganu,Terengganu
20908,Kuala Terengganu,Terengganu
20910,Kuala Terengganu,Terengganu
20912,Kuala Terengganu,Terengganu
20914,Kuala Terengganu,Terengganu
20916,Kuala Terengganu,Terengganu
20918,Kuala Terengganu,Terengganu
20920,Kuala Terengganu,Terengganu
20922,Kuala Terengganu,Terengganu
20924,Kuala Terengganu,Terengganu
20926,Kuala Terengganu,Terengganu
20928,Kuala Terengganu,Terengganu
20930,Kuala Terengganu,Terengganu
20990,Kuala Terengganu,Terengganu
21000,Kuala Terengganu,Terengganu
21009,Kuala Terengganu,Terengganu
21010,Kuala Terengganu,Terengganu
21020,Kuala Terengganu,Terengganu
21030,Kuala Terengganu,Terengganu
21040,Kuala Terengganu,Terengganu
21060,Kuala Terengganu,Terengganu
21070,Kuala Terengganu,Terengganu
21080,Kuala Terengganu,Terengganu
21090,Kuala Terengganu,Terengganu
21100,Kuala Terengganu,Terengganu
21109,Kuala Terengganu,Terengganu
21200,Kuala Terengganu,Terengganu
21209,Kuala Terengganu,Terengganu
21210,Kuala Terengganu,Terengganu
21220,Kuala Terengganu,Terengganu
21300,Kuala Terengganu,Terengganu
21309,Kuala Terengganu,Terengganu
21400,Marang,Terengganu
21450,Setiu,Terengganu
21500,Setiu,Terengganu
21600,Marang,Terengganu
21610,Marang,Terengganu
21700,Kuala Berang,Terengganu
21800,Ajil,Terengganu
21810,Ajil,Terengganu
21820,Ajil,Terengganu
22000,Jerteh,Terengganu
22010,Jerteh,Terengganu
22020,Jerteh,Terengganu
22100,Permaisuri,Terengganu
22107,Permaisuri,Terengganu
22109,Permaisuri,Terengganu
22110,Permaisuri,Terengganu
22120,Permaisuri,Terengganu
22200,Besut,Terengganu
22300,Kuala Besut,Terengganu
22307,Kuala Besut,Terengganu
22309,Kuala Besut,Terengganu
23000,Dungun,Terengganu
23007,Dungun,Terengganu
23009,Dungun,Terengganu
23050,Dungun,Terengganu
23100,Paka,Terengganu
23200,Bukit Besi,Terengganu
23300,Ketengah Jaya,Terengganu
23400,Dungun,Terengganu
24000,Kemaman,Terengganu
24007,Kemaman,Terengganu
24009,Kemaman,Terengganu
24040,Kemaman,Terengganu
24050,Kemaman,Terengganu
24060,Kemaman,Terengganu
24100,Kemaman,Terengganu
24107,Kemaman,Terengganu
24109,Kemaman,Terengganu
24200,Kemaman,Terengganu
24207,Kemaman,Terengganu
24209,Kemaman,Terengganu
24300,Kerteh,Terengganu
25000,Kuantan,Pahang
25050,Kuantan,Pahang
25100,Kuantan,Pahang
25150,Kuantan,Pahang
25200,Kuantan,Pahang
25250,Kuantan,Pahang
25300,Kuantan,Pahang
25350,Kuantan,Pahang
25500,Kuantan,Pahang
25502,Kuantan,Pahang
25503,Kuantan,Pahang
25504,Kuantan,Pahang
25505,Kuantan,Pahang
25506,Kuantan,Pahang
25508,Kuantan,Pahang
25509,Kuantan,Pahang
25512,Kuantan,Pahang
25514,Kuantan,Pahang
25516,Kuantan,Pahang
25517,Kuantan,Pahang
25518,Kuantan,Pahang
25520,Kuantan,Pahang
25524,Kuantan,Pahang
25529,Kuantan,Pahang
25532,Kuantan,Pahang
25534,Kuantan,Pahang
25536,Kuantan,Pahang
25538,Kuantan,Pahang
25540,Kuantan,Pahang
25546,Kuantan,Pahang
25548,Kuantan,Pahang
25550,Kuantan,Pahang
25551,Kuantan,Pahang
25552,Kuantan,Pahang
25556,Kuantan,Pahang
25558,Kuantan,Pahang
25560,Kuantan,Pahang
25564,Kuantan,Pahang
25570,Kuantan,Pahang
25576,Kuantan,Pahang
25578,Kuantan,Pahang
25582,Kuantan,Pahang
25584,Kuantan,Pahang
25586,Kuantan,Pahang
25590,Kuantan,Pahang
25592,Kuantan,Pahang
25594,Kuantan,Pahang
25596,Kuantan,Pahang
25598,Kuantan,Pahang
25600,Kuantan,Pahang
25604,Kuantan,Pahang
25606,Kuantan,Pahang
25608,Kuantan,Pahang
25609,Kuantan,Pahang
25612,Kuantan,Pahang
25614,Kuantan,Pahang
25620,Kuantan,Pahang
25622,Kuantan,Pahang
25626,Kuantan,Pahang
25628,Kuantan,Pahang
25630,Kuantan,Pahang
25632,Kuantan,Pahang
25644,Kuantan,Pahang
25646,Kuantan,Pahang
25648,Kuantan,Pahang
25656,Kuantan,Pahang
25660,Kuantan,Pahang
25661,Kuantan,Pahang
25662,Kuantan,Pahang
25670,Kuantan,Pahang
25672,Kuantan,Pahang
25673,Kuantan,Pahang
25674,Kuantan,Pahang
25676,Kuantan,Pahang
25690,Kuantan,Pahang
25700,Kuantan,Pahang
25709,Kuantan,Pahang
25710,Kuantan,Pahang
25720,Kuantan,Pahang
25730,Kuantan,Pahang
25740,Kuantan,Pahang
25750,Kuantan,Pahang
25990,Kuantan,Pahang
26010,Kuantan,Pahang
26040,Kuantan,Pahang
26050,Kuantan,Pahang
26057,Kuantan,Pahang
26060,Kuantan,Pahang
26070,Kuantan,Pahang
26077,Kuantan,Pahang
26080,Kuantan,Pahang
26090,Panching,Pahang
26100,Kuantan,Pahang
26130,Kuantan,Pahang
26140,Kuantan,Pahang
26150,Kuantan,Pahang
26180,Kuantan,Pahang
26197,Kuantan,Pahang
26200,Sungai Lembing,Pahang
26250,Kuantan,Pahang
26300,Gambang,Pahang
26309,Gambang,Pahang
26400,Bandar Pusat Jengka,Pahang
26407,Bandar Pusat Jengka,Pahang
26409,Bandar Pusat Jengka,Pahang
26410,Bandar Pusat Jengka,Pahang
26430,Bandar Pusat Jengka,Pahang
26450,Bandar Pusat Jengka,Pahang
26460,Bandar Pusat Jengka,Pahang
26500,Maran,Pahang
26507,Maran,Pahang
26509,Maran,Pahang
26600,Pekan,Pahang
26607,Pekan,Pahang
26609,Pekan,Pahang
26610,Pekan,Pahang
26620,Pekan,Pahang
26630,Pekan,Pahang
26640,Pekan,Pahang
26650,Pekan,Pahang
26660,Pekan,Pahang
26680,Pekan,Pahang
26690,Pekan,Pahang
26700,Muadzam Shah,Pahang
26707,Muadzam Shah,Pahang
26709,Muadzam Shah,Pahang
26800,Kuala Rompin,Pahang
26807,Kuala Rompin,Pahang
26809,Kuala Rompin,Pahang
26810,Kuala Rompin,Pahang
26820,Kuala Rompin,Pahang
26900,Bandar Tun Razak,Pahang
26907,Bandar Tun Razak,Pahang
27000,Jerantut,Pahang
27007,Jerantut,Pahang
27009,Jerantut,Pahang
27010,Jerantut,Pahang
27020,Jerantut,Pahang
27030,Jerantut,Pahang
27037,Jerantut,Pahang
27040,Jerantut,Pahang
27050,Jerantut,Pahang
27060,Jerantut,Pahang
27070,Jerantut,Pahang
27090,Jerantut,Pahang
27100,Kuala Lipis,Pahang
27109,Kuala Lipis,Pahang
27150,Jerantut,Pahang
27200,Kuala Lipis,Pahang
27207,Kuala Lipis,Pahang
27209,Kuala Lipis,Pahang
27210,Kuala Lipis,Pahang
27300,Benta,Pahang
27307,Benta,Pahang
27310,Benta,Pahang
27400,Raub,Pahang
27500,Sungai Ruan,Pahang
27600,Raub,Pahang
27607,Raub,Pahang
27609,Raub,Pahang
27610,Raub,Pahang
27620,Raub,Pahang
27630,Sungai Ruan,Pahang
27650,Raub,Pahang
27660,Raub,Pahang
28000,Temerloh,Pahang
28007,Temerloh,Pahang
28009,Temerloh,Pahang
28010,Temerloh,Pahang
28020,Temerloh,Pahang
28030,Temerloh,Pahang
28040,Temerloh,Pahang
28050,Temerloh,Pahang
28057,Kuala Krau,Pahang
28059,Kuala Krau,Pahang
28100,Chenor,Pahang
28200,Triang,Pahang
28300,Triang,Pahang
28309,Triang,Pahang
28310,Triang,Pahang
28320,Triang,Pahang
28330,Triang,Pahang
28340,Kemayan,Pahang
28380,Kemayan,Pahang
28387,Kemayan,Pahang
28400,Mentakab,Pahang
28407,Mentakab,Pahang
28409,Mentakab,Pahang
28500,Lanchang,Pahang
28509,Lanchang,Pahang
28600,Karak,Pahang
28609,Karak,Pahang
28610,Karak,Pahang
28620,Karak,Pahang
28700,Bentong,Pahang
28707,Bentong,Pahang
28709,Bentong,Pahang
28730,Karak,Pahang
28740,Bentong,Pahang
28750,Bentong,Pahang
28800,Lurah Bilut,Pahang
30000,Ipoh,Perak
30010,Ipoh,Perak
30020,Ipoh,Perak
30100,Ipoh,Perak
30200,Ipoh,Perak
30250,Ipoh,Perak
30300,Ipoh,Perak
30350,Ipoh,Perak
30450,Ipoh,Perak
30502,Ipoh,Perak
30503,Ipoh,Perak
30504,Ipoh,Perak
30505,Ipoh,Perak
30506,Ipoh,Perak
30508,Ipoh,Perak
30510,Ipoh,Perak
30512,Ipoh,Perak
30516,Ipoh,Perak
30517,Ipoh,Perak
30518,Ipoh,Perak
30519,Ipoh,Perak
30520,Ipoh,Perak
30524,Ipoh,Perak
30532,Ipoh,Perak
30534,Ipoh,Perak
30536,Ipoh,Perak
30540,Ipoh,Perak
30542,Ipoh,Perak
30546,Ipoh,Perak
30548,Ipoh,Perak
30550,Ipoh,Perak
30551,Ipoh,Perak
30552,Ipoh,Perak
30554,Ipoh,Perak
30556,Ipoh,Perak
30560,Ipoh,Perak
30564,Ipoh,Perak
30570,Ipoh,Perak
30576,Ipoh,Perak
30580,Ipoh,Perak
30582,Ipoh,Perak
30586,Ipoh,Perak
30590,Ipoh,Perak
30592,Ipoh,Perak
30594,Ipoh,Perak
30596,Ipoh,Perak
30600,Ipoh,Perak
30604,Ipoh,Perak
30606,Ipoh,Perak
30609,Ipoh,Perak
30610,Ipoh,Perak
30612,Ipoh,Perak
30614,Ipoh,Perak
30620,Ipoh,Perak
30621,Ipoh,Perak
30622,Ipoh,Perak
30626,Ipoh,Perak
30628,Ipoh,Perak
30630,Ipoh,Perak
30632,Ipoh,Perak
30634,Ipoh,Perak
30644,Ipoh,Perak
30646,Ipoh,Perak
30648,Ipoh,Perak
30656,Ipoh,Perak
30658,Ipoh,Perak
30660,Ipoh,Perak
30662,Ipoh,Perak
30664,Ipoh,Perak
30668,Ipoh,Perak
30670,Ipoh,Perak
30673,Ipoh,Perak
30674,Ipoh,Perak
30676,Ipoh,Perak
30690,Ipoh,Perak
30700,Ipoh,Perak
30710,Ipoh,Perak
30720,Ipoh,Perak
30730,Ipoh,Perak
30740,Ipoh,Perak
30750,Ipoh,Perak
30760,Ipoh,Perak
30770,Ipoh,Perak
30780,Ipoh,Perak
30790,Ipoh,Perak
30800,Ipoh,Perak
30810,Ipoh,Perak
30820,Ipoh,Perak
30830,Ipoh,Perak
30840,Ipoh,Perak
30900,Ipoh,Perak
30902,Ipoh,Perak
30904,Ipoh,Perak
30906,Ipoh,Perak
30908,Ipoh,Perak
30910,Ipoh,Perak
30912,Ipoh,Perak
30988,Ipoh,Perak
30990,Ipoh,Perak
31000,Batu Gajah,Perak
31007,Batu Gajah,Perak
31009,Batu Gajah,Perak
31050,Sungai Siput,Perak
31100,Sungai Siput,Perak
31150,Ulu Kinta,Perak
31200,Chemor,Perak
31250,Tanjung Rambutan,Perak
31300,Ipoh,Perak
31350,Ipoh,Perak
31400,Ipoh,Perak
31407,Taman Ipoh,Perak
31409,Ipoh,Perak
31450,Ipoh,Perak
31500,Ipoh,Perak
31550,Pusing,Perak
31560,Siputeh,Perak
31600,Gopeng,Perak
31610,Gopeng,Perak
31650,Ipoh,Perak
31700,Malim Nawar,Perak
31750,Tronoh,Perak
31800,Tanjong Tualang,Perak
31850,Jeram,Perak
31900,Kampar,Perak
31907,Kampar,Perak
31909,Kampar,Perak
31910,Kampar,Perak
31920,Kampar,Perak
31950,Kampar,Perak
32000,Sitiawan,Perak
32020,Sitiawan,Perak
32040,Seri Manjong,Perak
32100,Lumut,Perak
32200,Lumut,Perak
32300,Pulau Pangkor,Perak
32400,Ayer Tawar,Perak
32407,Ayer Tawar,Perak
32500,Changkat Keruing,Perak
32600,Bota,Perak
32610,Bandar Seri Iskandar,Perak
32700,Bruas,Perak
32800,Parit,Perak
32900,Lambor Kanan,Perak
33000,Kuala Kangsar,Perak
33007,Kuala Kangsar,Perak
33009,Kuala Kangsar,Perak
33010,Kuala Kangsar,Perak
33020,Kuala Kangsar,Perak
33030,Kuala Kangsar,Perak
33040,Kuala Kangsar,Perak
33100,Pengkalan Hulu,Perak
33300,Gerik,Perak
33307,Gerik,Perak
33310,Gerik,Perak
33320,Gerik,Perak
33400,Lenggong,Perak
33410,Gerik,Perak
33420,Lenggong,Perak
33500,Sauk,Perak
33600,Enggor,Perak
33700,Padang Rengas,Perak
33800,Manong,Perak
34000,Taiping,Perak
34007,Taiping,Perak
34008,Taiping,Perak
34009,Taiping,Perak
34100,Selama,Perak
34120,Selama,Perak
34130,Selama,Perak
34140,Rantau Panjang,Perak
34200,Parit Buntar,Perak
34250,Tanjong Piandang,Perak
34300,Bagan Serai,Perak
34307,Bagan Serai,Perak
34310,Bagan Serai,Perak
34350,Kuala Kurau,Perak
34400,Simpang Ampat Semanggol,Perak
34500,Batu Kurau,Perak
34510,Batu Kurau,Perak
34520,Batu Kurau,Perak
34600,Kamunting,Perak
34607,Kamunting,Perak
34650,Kuala Sepetang,Perak
34700,Simpang,Perak
34750,Matang,Perak
34800,Trong,Perak
34850,Changkat Jering,Perak
34900,Pantai Remis,Perak
34950,Bandar Baru,Kedah
35000,Tapah,Perak
35007,Tapah,Perak
35009,Tapah,Perak
35300,Chenderiang,Perak
35350,Temoh,Perak
35400,Tapah Road,Perak
35500,Bidor,Perak
35507,Bidor,Perak
35600,Sungkai,Perak
35700,Sungkai,Perak
35800,Slim River,Perak
35820,Slim River,Perak
35900,Tanjong Malim,Perak
35907,Tanjong Malim,Perak
35909,Tanjong Malim,Perak
35950,Behrang,Perak
36000,Teluk Intan,Perak
36007,Teluk Intan,Perak
36008,Teluk Intan,Perak
36009,Teluk Intan,Perak
36020,Teluk Intan,Perak
36100,Bagan Datuk,Perak
36110,Teluk Intan,Perak
36200,Selekoh,Perak
36207,Selekoh,Perak
36209,Selekoh,Perak
36300,Sungai Sumun,Perak
36307,Sungai Sumun,Perak
36309,Sungai Sumun,Perak
36400,Hutan Melintang,Perak
36500,Ulu Bernam,Perak
36600,Chenderong Balai,Perak
36700,Langkap,Perak
36750,Chikus,Perak
36800,Kampong Gajah,Perak
39000,Cameron Highlands,Pahang
39007,Cameron Highlands,Pahang
39009,Cameron Highlands,Pahang
39010,Cameron Highlands,Pahang
39100,Brinchang,Pahang
39107,Brinchang,Pahang
39200,Cameron Highlands,Pahang
40000,Shah Alam,Selangor
40100,Shah Alam,Selangor
40150,Shah Alam,Selangor
40160,Shah Alam,Selangor
40160,Sungai Buloh,Selangor
40170,Shah Alam,Selangor
40200,Shah Alam,Selangor
40300,Shah Alam,Selangor
40350,Shah Alam,Selangor
40400,Shah Alam,Selangor
40450,Shah Alam,Selangor
40460,Shah Alam,Selangor
40470,Shah Alam,Selangor
40500,Shah Alam,Selangor
40502,Shah Alam,Selangor
40503,Shah Alam,Selangor
40504,Shah Alam,Selangor
40505,Shah Alam,Selangor
40512,Shah Alam,Selangor
40517,Shah Alam,Selangor
40520,Shah Alam,Selangor
40529,Shah Alam,Selangor
40542,Shah Alam,Selangor
40548,Shah Alam,Selangor
40550,Shah Alam,Selangor
40551,Shah Alam,Selangor
40560,Shah Alam,Selangor
40564,Shah Alam,Selangor
40570,Shah Alam,Selangor
40572,Shah Alam,Selangor
40576,Shah Alam,Selangor
40578,Shah Alam,Selangor
40582,Shah Alam,Selangor
40590,Shah Alam,Selangor
40592,Shah Alam,Selangor
40594,Shah Alam,Selangor
40596,Shah Alam,Selangor
40598,Shah Alam,Selangor
40600,Shah Alam,Selangor
40604,Shah Alam,Selangor
40607,Shah Alam,Selangor
40608,Shah Alam,Selangor
40610,Shah Alam,Selangor
40612,Shah Alam,Selangor
40620,Shah Alam,Selangor
40622,Shah Alam,Selangor
40626,Shah Alam,Selangor
40632,Shah Alam,Selangor
40646,Shah Alam,Selangor
40648,Shah Alam,Selangor
40660,Shah Alam,Selangor
40664,Shah Alam,Selangor
40670,Shah Alam,Selangor
40672,Shah Alam,Selangor
40673,Shah Alam,Selangor
40674,Shah Alam,Selangor
40675,Shah Alam,Selangor
40676,Shah Alam,Selangor
40680,Shah Alam,Selangor
40690,Shah Alam,Selangor
40700,Shah Alam,Selangor
40702,Shah Alam,Selangor
40704,Shah Alam,Selangor
40706,Shah Alam,Selangor
40708,Shah Alam,Selangor
40710,Shah Alam,Selangor
40712,Shah Alam,Selangor
40714,Shah Alam,Selangor
40716,Shah Alam,Selangor
40718,Shah Alam,Selangor
40720,Shah Alam,Selangor
40722,Shah Alam,Selangor
40724,Shah Alam,Selangor
40726,Shah Alam,Selangor
40728,Shah Alam,Selangor
40730,Shah Alam,Selangor
40732,Shah Alam,Selangor
40800,Shah Alam,Selangor
40802,Shah Alam,Selangor
40804,Shah Alam,Selangor
40806,Shah Alam,Selangor
40808,Shah Alam,Selangor
40810,Shah Alam,Selangor
40990,Shah Alam,Selangor
41000,Klang,Selangor
41050,Klang,Selangor
41100,Klang,Selangor
41150,Klang,Selangor
41200,Klang,Selangor
41250,Klang,Selangor
41300,Klang,Selangor
41400,Klang,Selangor
41506,Klang,Selangor
41560,Klang,Selangor
41586,Klang,Selangor
41672,Klang,Selangor
41700,Klang,Selangor
41710,Klang,Selangor
41720,Klang,Selangor
41900,Klang,Selangor
41902,Klang,Selangor
41904,Klang,Selangor
41906,Klang,Selangor
41908,Klang,Selangor
41910,Klang,Selangor
41912,Klang,Selangor
41914,Klang,Selangor
41916,Klang,Selangor
41918,Klang,Selangor
41990,Klang,Selangor
42000,Pelabuhan Klang,Selangor
42009,Pelabuhan Klang,Selangor
42100,Klang,Selangor
42200,Kapar,Selangor
42300,Bandar Puncak Alam,Selangor
42500,Telok Panglima Garang,Selangor
42507,Telok Panglima Garang,Selangor
42509,Telok Panglima Garang,Selangor
42600,Jenjarom,Selangor
42610,Jenjarom,Selangor
42700,Banting,Selangor
42800,Tanjong Sepat,Selangor
42920,Pelabuhan Klang,Selangor
42940,Pelabuhan Klang,Selangor
42960,Pulau Carey,Selangor
43000,Kajang,Selangor
43007,Kajang,Selangor
43009,Kajang,Selangor
43100,Hulu Langat,Selangor
43200,Cheras,Selangor
43207,Cheras,Selangor
43300,Seri Kembangan,Selangor
43400,Serdang,Selangor
43500,Semenyih,Selangor
43558,Kajang,Selangor
43600,Bandar Baru Bangi,Selangor
43650,Bandar Baru Bangi,Selangor
43657,Bandar Baru Bangi,Selangor
43659,Bandar Baru Bangi,Selangor
43700,Beranang,Selangor
43800,Dengkil,Selangor
43807,Dengkil,Selangor
43900,Sepang,Selangor
43950,Sungai Pelek,Selangor
44000,Kuala Kubu Bharu,Selangor
44010,Kuala Kubu Bharu,Selangor
44020,Kuala Kubu Bharu,Selangor
44100,Kuala Kubu Bharu,Selangor
44110,Ulu Bernam,Selangor
44200,Rasa,Selangor
44300,Batang Kali,Selangor
45000,Kuala Selangor,Selangor
45100,Sabak Bernam,Selangor
45200,Sabak Bernam,Selangor
45207,Sabak Bernam,Selangor
45300,Sungai Besar,Selangor
45400,Sekinchan,Selangor
45500,Tanjong Karang,Selangor
45507,Tanjong Karang,Selangor
45600,Bestari Jaya,Selangor
45607,Bestari Jaya,Selangor
45609,Bestari Jaya,Selangor
45620,Bestari Jaya,Selangor
45700,Bukit Rotan,Selangor
45800,Jeram,Selangor
46000,Petaling Jaya,Selangor
46050,Petaling Jaya,Selangor
46100,Petaling Jaya,Selangor
46150,Petaling Jaya,Selangor
46200,Petaling Jaya,Selangor
46300,Petaling Jaya,Selangor
46350,Petaling Jaya,Selangor
46400,Petaling Jaya,Selangor
46506,Petaling Jaya,Selangor
46547,Petaling Jaya,Selangor
46549,Petaling Jaya,Selangor
46551,Petaling Jaya,Selangor
46564,Petaling Jaya,Selangor
46582,Petaling Jaya,Selangor
46598,Petaling Jaya,Selangor
46662,Petaling Jaya,Selangor
46667,Petaling Jaya,Selangor
46668,Petaling Jaya,Selangor
46672,Petaling Jaya,Selangor
46675,Petaling Jaya,Selangor
46700,Petaling Jaya,Selangor
46710,Petaling Jaya,Selangor
46720,Petaling Jaya,Selangor
46730,Petaling Jaya,Selangor
46740,Petaling Jaya,Selangor
46750,Petaling Jaya,Selangor
46760,Petaling Jaya,Selangor
46770,Petaling Jaya,Selangor
46780,Petaling Jaya,Selangor
46781,Petaling Jaya,Selangor
46782,Petaling Jaya,Selangor
46783,Petaling Jaya,Selangor
46784,Petaling Jaya,Selangor
46785,Petaling Jaya,Selangor
46786,Petaling Jaya,Selangor
46787,Petaling Jaya,Selangor
46788,Petaling Jaya,Selangor
46789,Petaling Jaya,Selangor
46790,Petaling Jaya,Selangor
46791,Petaling Jaya,Selangor
46792,Petaling Jaya,Selangor
46793,Petaling Jaya,Selangor
46794,Petaling Jaya,Selangor
46795,Petaling Jaya,Selangor
46796,Petaling Jaya,Selangor
46797,Petaling Jaya,Selangor
46798,Petaling Jaya,Selangor
46799,Petaling Jaya,Selangor
46800,Petaling Jaya,Selangor
46801,Petaling Jaya,Selangor
46802,Petaling Jaya,Selangor
46803,Petaling Jaya,Selangor
46804,Petaling Jaya,Selangor
46805,Petaling Jaya,Selangor
46806,Petaling Jaya,Selangor
46860,Petaling Jaya,Selangor
46870,Petaling Jaya,Selangor
46960,Petaling Jaya,Selangor
46962,Petaling Jaya,Selangor
46964,Petaling Jaya,Selangor
46966,Petaling Jaya,Selangor
46968,Petaling Jaya,Selangor
46970,Petaling Jaya,Selangor
46972,Petaling Jaya,Selangor
46974,Petaling Jaya,Selangor
46976,Petaling Jaya,Selangor
46978,Petaling Jaya,Selangor
47000,Sungai Buloh,Selangor
47100,Puchong,Selangor
47107,Puchong,Selangor
47109,Puchong,Selangor
47110,Puchong,Selangor
47120,Puchong,Selangor
47130,Puchong,Selangor
47140,Puchong,Selangor
47150,Puchong,Selangor
47160,Puchong,Selangor
47170,Puchong,Selangor
47180,Puchong,Selangor
47190,Puchong,Selangor
47200,Subang,Selangor
47300,Petaling Jaya,Selangor
47301,Petaling Jaya,Selangor
47307,Petaling Jaya,Selangor
47308,Petaling Jaya,Selangor
47400,Petaling Jaya,Selangor
47410,Petaling Jaya,Selangor
47500,Subang Jaya,Selangor
47507,Subang Jaya,Selangor
47600,Subang Jaya,Selangor
47610,Subang Jaya,Selangor
47620,Subang Jaya,Selangor
47630,Subang Jaya,Selangor
47640,Subang Jaya,Selangor
47650,Subang Jaya,Selangor
47670,Subang Jaya,Selangor
47800,Petaling Jaya,Selangor
47810,Petaling Jaya,Selangor
47820,Petaling Jaya,Selangor
47830,Petaling Jaya,Selangor
48000,Rawang,Selangor
48010,Rawang,Selangor
48020,Rawang,Selangor
48050,Rawang,Selangor
48100,Batu Arang,Selangor
48200,Serendah,Selangor
48300,Rawang,Selangor
49000,Bukit Fraser,Pahang
50000,Kuala Lumpur,W.P. Kuala Lumpur
50050,Kuala Lumpur,W.P. Kuala Lumpur
50088,Kuala Lumpur,W.P. Kuala Lumpur
50100,Kuala Lumpur,W.P. Kuala Lumpur
50118,Kuala Lumpur,W.P. Kuala Lumpur
50150,Kuala Lumpur,W.P. Kuala Lumpur
50200,Kuala Lumpur,W.P. Kuala Lumpur
50250,Kuala Lumpur,W.P. Kuala Lumpur
50288,Kuala Lumpur,W.P. Kuala Lumpur
50300,Kuala Lumpur,W.P. Kuala Lumpur
50350,Kuala Lumpur,W.P. Kuala Lumpur
50400,Kuala Lumpur,W.P. Kuala Lumpur
50450,Kuala Lumpur,W.P. Kuala Lumpur
50460,Kuala Lumpur,W.P. Kuala Lumpur
50470,Kuala Lumpur,W.P. Kuala Lumpur
50480,Kuala Lumpur,W.P. Kuala Lumpur
50490,Kuala Lumpur,W.P. Kuala Lumpur
50500,Kuala Lumpur,W.P. Kuala Lumpur
50502,Kuala Lumpur,W.P. Kuala Lumpur
50504,Kuala Lumpur,W.P. Kuala Lumpur
50505,Kuala Lumpur,W.P. Kuala Lumpur
50506,Kuala Lumpur,W.P. Kuala Lumpur
50507,Kuala Lumpur,W.P. Kuala Lumpur
50508,Kuala Lumpur,W.P. Kuala Lumpur
50510,Kuala Lumpur,W.P. Kuala Lumpur
50512,Kuala Lumpur,W.P. Kuala Lumpur
50514,Kuala Lumpur,W.P. Kuala Lumpur
50515,Kuala Lumpur,W.P. Kuala Lumpur
50519,Kuala Lumpur,W.P. Kuala Lumpur
50530,Kuala Lumpur,W.P. Kuala Lumpur
50532,Kuala Lumpur,W.P. Kuala Lumpur
50534,Kuala Lumpur,W.P. Kuala Lumpur
50536,Kuala Lumpur,W.P. Kuala Lumpur
50538,Kuala Lumpur,W.P. Kuala Lumpur
50540,Kuala Lumpur,W.P. Kuala Lumpur
50544,Kuala Lumpur,W.P. Kuala Lumpur
50546,Kuala Lumpur,W.P. Kuala Lumpur
50548,Kuala Lumpur,W.P. Kuala Lumpur
50550,Kuala Lumpur,W.P. Kuala Lumpur
50551,Kuala Lumpur,W.P. Kuala Lumpur
50552,Kuala Lumpur,W.P. Kuala Lumpur
50554,Kuala Lumpur,W.P. Kuala Lumpur
50556,Kuala Lumpur,W.P. Kuala Lumpur
50560,Kuala Lumpur,W.P. Kuala Lumpur
50562,Kuala Lumpur,W.P. Kuala Lumpur
50564,Kuala Lumpur,W.P. Kuala Lumpur
50566,Kuala Lumpur,W.P. Kuala Lumpur
50568,Kuala Lumpur,W.P. Kuala Lumpur
50572,Kuala Lumpur,W.P. Kuala Lumpur
50578,Kuala Lumpur,W.P. Kuala Lumpur
50580,Kuala Lumpur,W.P. Kuala Lumpur
50582,Kuala Lumpur,W.P. Kuala Lumpur
50586,Kuala Lumpur,W.P. Kuala Lumpur
50588,Kuala Lumpur,W.P. Kuala Lumpur
50590,Kuala Lumpur,W.P. Kuala Lumpur
50592,Kuala Lumpur,W.P. Kuala Lumpur
50594,Kuala Lumpur,W.P. Kuala Lumpur
50598,Kuala Lumpur,W.P. Kuala Lumpur
50600,Kuala Lumpur,W.P. Kuala Lumpur
50603,Kuala Lumpur,W.P. Kuala Lumpur
50604,Kuala Lumpur,W.P. Kuala Lumpur
50608,Kuala Lumpur,W.P. Kuala Lumpur
50609,Kuala Lumpur,W.P. Kuala Lumpur
50612,Kuala Lumpur,W.P. Kuala Lumpur
50614,Kuala Lumpur,W.P. Kuala Lumpur
50620,Kuala Lumpur,W.P. Kuala Lumpur
50621,Kuala Lumpur,W.P. Kuala Lumpur
50622,Kuala Lumpur,W.P. Kuala Lumpur
50623,Kuala Lumpur,W.P. Kuala Lumpur
50626,Kuala Lumpur,W.P. Kuala Lumpur
50632,Kuala Lumpur,W.P. Kuala Lumpur
50634,Kuala Lumpur,W.P. Kuala Lumpur
50640,Kuala Lumpur,W.P. Kuala Lumpur
50644,Kuala Lumpur,W.P. Kuala Lumpur
50646,Kuala Lumpur,W.P. Kuala Lumpur
50648,Kuala Lumpur,W.P. Kuala Lumpur
50650,Kuala Lumpur,W.P. Kuala Lumpur
50652,Kuala Lumpur,W.P. Kuala Lumpur
50653,Kuala Lumpur,W.P. Kuala Lumpur
50658,Kuala Lumpur,W.P. Kuala Lumpur
50660,Kuala Lumpur,W.P. Kuala Lumpur
50662,Kuala Lumpur,W.P. Kuala Lumpur
50664,Kuala Lumpur,W.P. Kuala Lumpur
50670,Kuala Lumpur,W.P. Kuala Lumpur
50672,Kuala Lumpur,W.P. Kuala Lumpur
50673,Kuala Lumpur,W.P. Kuala Lumpur
50676,Kuala Lumpur,W.P. Kuala Lumpur
50677,Kuala Lumpur,W.P. Kuala Lumpur
50678,Kuala Lumpur,W.P. Kuala Lumpur
50680,Kuala Lumpur,W.P. Kuala Lumpur
50682,Kuala Lumpur,W.P. Kuala Lumpur
50684,Kuala Lumpur,W.P. Kuala Lumpur
50688,Kuala Lumpur,W.P. Kuala Lumpur
50694,Kuala Lumpur,W.P. Kuala Lumpur
50695,Kuala Lumpur,W.P. Kuala Lumpur
50700,Kuala Lumpur,W.P. Kuala Lumpur
50702,Kuala Lumpur,W.P. Kuala Lumpur
50704,Kuala Lumpur,W.P. Kuala Lumpur
50706,Kuala Lumpur,W.P. Kuala Lumpur
50708,Kuala Lumpur,W.P. Kuala Lumpur
50710,Kuala Lumpur,W.P. Kuala Lumpur
50712,Kuala Lumpur,W.P. Kuala Lumpur
50714,Kuala Lumpur,W.P. Kuala Lumpur
50716,Kuala Lumpur,W.P. Kuala Lumpur
50718,Kuala Lumpur,W.P. Kuala Lumpur
50720,Kuala Lumpur,W.P. Kuala Lumpur
50722,Kuala Lumpur,W.P. Kuala Lumpur
50724,Kuala Lumpur,W.P. Kuala Lumpur
50726,Kuala Lumpur,W.P. Kuala Lumpur
50728,Kuala Lumpur,W.P. Kuala Lumpur
50730,Kuala Lumpur,W.P. Kuala Lumpur
50732,Kuala Lumpur,W.P. Kuala Lumpur
50734,Kuala Lumpur,W.P. Kuala Lumpur
50735,Kuala Lumpur,W.P. Kuala Lumpur
50736,Kuala Lumpur,W.P. Kuala Lumpur
50738,Kuala Lumpur,W.P. Kuala Lumpur
50740,Kuala Lumpur,W.P. Kuala Lumpur
50742,Kuala Lumpur,W.P. Kuala Lumpur
50744,Kuala Lumpur,W.P. Kuala Lumpur
50746,Kuala Lumpur,W.P. Kuala Lumpur
50748,Kuala Lumpur,W.P. Kuala Lumpur
50750,Kuala Lumpur,W.P. Kuala Lumpur
50752,Kuala Lumpur,W.P. Kuala Lumpur
50754,Kuala Lumpur,W.P. Kuala Lumpur
50756,Kuala Lumpur,W.P. Kuala Lumpur
50758,Kuala Lumpur,W.P. Kuala Lumpur
50760,Kuala Lumpur,W.P. Kuala Lumpur
50762,Kuala Lumpur,W.P. Kuala Lumpur
50764,Kuala Lumpur,W.P. Kuala Lumpur
50766,Kuala Lumpur,W.P. Kuala Lumpur
50768,Kuala Lumpur,W.P. Kuala Lumpur
50770,Kuala Lumpur,W.P. Kuala Lumpur
50772,Kuala Lumpur,W.P. Kuala Lumpur
50774,Kuala Lumpur,W.P. Kuala Lumpur
50776,Kuala Lumpur,W.P. Kuala Lumpur
50778,Kuala Lumpur,W.P. Kuala Lumpur
50780,Kuala Lumpur,W.P. Kuala Lumpur
50782,Kuala Lumpur,W.P. Kuala Lumpur
50784,Kuala Lumpur,W.P. Kuala Lumpur
50786,Kuala Lumpur,W.P. Kuala Lumpur
50788,Kuala Lumpur,W.P. Kuala Lumpur
50790,Kuala Lumpur,W.P. Kuala Lumpur
50792,Kuala Lumpur,W.P. Kuala Lumpur
50794,Kuala Lumpur,W.P. Kuala Lumpur
50796,Kuala Lumpur,W.P. Kuala Lumpur
50798,Kuala Lumpur,W.P. Kuala Lumpur
50800,Kuala Lumpur,W.P. Kuala Lumpur
50802,Kuala Lumpur,W.P. Kuala Lumpur
50804,Kuala Lumpur,W.P. Kuala Lumpur
50806,Kuala Lumpur,W.P. Kuala Lumpur
50808,Kuala Lumpur,W.P. Kuala Lumpur
50810,Kuala Lumpur,W.P. Kuala Lumpur
50812,Kuala Lumpur,W.P. Kuala Lumpur
50814,Kuala Lumpur,W.P. Kuala Lumpur
50816,Kuala Lumpur,W.P. Kuala Lumpur
50818,Kuala Lumpur,W.P. Kuala Lumpur
50901,Kuala Lumpur,W.P. Kuala Lumpur
50902,Kuala Lumpur,W.P. Kuala Lumpur
50903,Kuala Lumpur,W.P. Kuala Lumpur
50904,Kuala Lumpur,W.P. Kuala Lumpur
50905,Kuala Lumpur,W.P. Kuala Lumpur
50906,Kuala Lumpur,W.P. Kuala Lumpur
50907,Kuala Lumpur,W.P. Kuala Lumpur
50908,Kuala Lumpur,W.P. Kuala Lumpur
50909,Kuala Lumpur,W.P. Kuala Lumpur
50910,Kuala Lumpur,W.P. Kuala Lumpur
50911,Kuala Lumpur,W.P. Kuala Lumpur
50912,Kuala Lumpur,W.P. Kuala Lumpur
50913,Kuala Lumpur,W.P. Kuala Lumpur
50914,Kuala Lumpur,W.P. Kuala Lumpur
50915,Kuala Lumpur,W.P. Kuala Lumpur
50916,Kuala Lumpur,W.P. Kuala Lumpur
50917,Kuala Lumpur,W.P. Kuala Lumpur
50918,Kuala Lumpur,W.P. Kuala Lumpur
50919,Kuala Lumpur,W.P. Kuala Lumpur
50920,Kuala Lumpur,W.P. Kuala Lumpur
50921,Kuala Lumpur,W.P. Kuala Lumpur
50922,Kuala Lumpur,W.P. Kuala Lumpur
50923,Kuala Lumpur,W.P. Kuala Lumpur
50924,Kuala Lumpur,W.P. Kuala Lumpur
50925,Kuala Lumpur,W.P. Kuala Lumpur
50926,Kuala Lumpur,W.P. Kuala Lumpur
50927,Kuala Lumpur,W.P. Kuala Lumpur
50928,Kuala Lumpur,W.P. Kuala Lumpur
50929,Kuala Lumpur,W.P. Kuala Lumpur
50930,Kuala Lumpur,W.P. Kuala Lumpur
50931,Kuala Lumpur,W.P. Kuala Lumpur
50932,Kuala Lumpur,W.P. Kuala Lumpur
50933,Kuala Lumpur,W.P. Kuala Lumpur
50934,Kuala Lumpur,W.P. Kuala Lumpur
50935,Kuala Lumpur,W.P. Kuala Lumpur
50936,Kuala Lumpur,W.P. Kuala Lumpur
50937,Kuala Lumpur,W.P. Kuala Lumpur
50938,Kuala Lumpur,W.P. Kuala Lumpur
50939,Kuala Lumpur,W.P. Kuala Lumpur
50940,Kuala Lumpur,W.P. Kuala Lumpur
50941,Kuala Lumpur,W.P. Kuala Lumpur
50942,Kuala Lumpur,W.P. Kuala Lumpur
50943,Kuala Lumpur,W.P. Kuala Lumpur
50944,Kuala Lumpur,W.P. Kuala Lumpur
50945,Kuala Lumpur,W.P. Kuala Lumpur
50946,Kuala Lumpur,W.P. Kuala Lumpur
50947,Kuala Lumpur,W.P. Kuala Lumpur
50948,Kuala Lumpur,W.P. Kuala Lumpur
50949,Kuala Lumpur,W.P. Kuala Lumpur
50950,Kuala Lumpur,W.P. Kuala Lumpur
50988,Kuala Lumpur,W.P. Kuala Lumpur
50989,Kuala Lumpur,W.P. Kuala Lumpur
50990,Kuala Lumpur,W.P. Kuala Lumpur
51000,Kuala Lumpur,W.P. Kuala Lumpur
51100,Kuala Lumpur,W.P. Kuala Lumpur
51200,Kuala Lumpur,W.P. Kuala Lumpur
51700,Kuala Lumpur,W.P. Kuala Lumpur
51990,Kuala Lumpur,W.P. Kuala Lumpur
52000,Kuala Lumpur,W.P. Kuala Lumpur
52100,Kuala Lumpur,W.P. Kuala Lumpur
52200,Kuala Lumpur,W.P. Kuala Lumpur
52700,Kuala Lumpur,W.P. Kuala Lumpur
53000,Kuala Lumpur,W.P. Kuala Lumpur
53100,Kuala Lumpur,W.P. Kuala Lumpur
53200,Kuala Lumpur,W.P. Kuala Lumpur
53300,Kuala Lumpur,W.P. Kuala Lumpur
53700,Kuala Lumpur,W.P. Kuala Lumpur
53800,Kuala Lumpur,W.P. Kuala Lumpur
53990,Kuala Lumpur,W.P. Kuala Lumpur
54000,Kuala Lumpur,W.P. Kuala Lumpur
54100,Kuala Lumpur,W.P. Kuala Lumpur
54200,Kuala Lumpur,W.P. Kuala Lumpur
55000,Kuala Lumpur,W.P. Kuala Lumpur
55100,Kuala Lumpur,W.P. Kuala Lumpur
55188,Kuala Lumpur,W.P. Kuala Lumpur
55200,Kuala Lumpur,W.P. Kuala Lumpur
55300,Kuala Lumpur,W.P. Kuala Lumpur
55700,Kuala Lumpur,W.P. Kuala Lumpur
55710,Kuala Lumpur,W.P. Kuala Lumpur
55720,Kuala Lumpur,W.P. Kuala Lumpur
55900,Kuala Lumpur,W.P. Kuala Lumpur
55902,Kuala Lumpur,W.P. Kuala Lumpur
55904,Kuala Lumpur,W.P. Kuala Lumpur
55906,Kuala Lumpur,W.P. Kuala Lumpur
55908,Kuala Lumpur,W.P. Kuala Lumpur
55910,Kuala Lumpur,W.P. Kuala Lumpur
55912,Kuala Lumpur,W.P. Kuala Lumpur
55914,Kuala Lumpur,W.P. Kuala Lumpur
55916,Kuala Lumpur,W.P. Kuala Lumpur
55918,Kuala Lumpur,W.P. Kuala Lumpur
55920,Kuala Lumpur,W.P. Kuala Lumpur
55922,Kuala Lumpur,W.P. Kuala Lumpur
55924,Kuala Lumpur,W.P. Kuala Lumpur
55926,Kuala Lumpur,W.P. Kuala Lumpur
55928,Kuala Lumpur,W.P. Kuala Lumpur
55930,Kuala Lumpur,W.P. Kuala Lumpur
55932,Kuala Lumpur,W.P. Kuala Lumpur
55934,Kuala Lumpur,W.P. Kuala Lumpur
55990,Kuala Lumpur,W.P. Kuala Lumpur
56000,Kuala Lumpur,W.P. Kuala Lumpur
56100,Kuala Lumpur,W.P. Kuala Lumpur
57000,Kuala Lumpur,W.P. Kuala Lumpur
57100,Kuala Lumpur,W.P. Kuala Lumpur
57700,Kuala Lumpur,W.P. Kuala Lumpur
57990,Kuala Lumpur,W.P. Kuala Lumpur
58000,Kuala Lumpur,W.P. Kuala Lumpur
58100,Kuala Lumpur,W.P. Kuala Lumpur
58200,Kuala Lumpur,W.P. Kuala Lumpur
58700,Kuala Lumpur,W.P. Kuala Lumpur
58990,Kuala Lumpur,W.P. Kuala Lumpur
59000,Kuala Lumpur,W.P. Kuala Lumpur
59100,Kuala Lumpur,W.P. Kuala Lumpur
59200,Kuala Lumpur,W.P. Kuala Lumpur
59700,Kuala Lumpur,W.P. Kuala Lumpur
59800,Kuala Lumpur,W.P. Kuala Lumpur
59990,Kuala Lumpur,W.P. Kuala Lumpur
60000,Kuala Lumpur,W.P. Kuala Lumpur
62000,Putrajaya,W.P. Putrajaya
62007,Putrajaya,W.P. Putrajaya
62050,Putrajaya,W.P. Putrajaya
62100,Putrajaya,W.P. Putrajaya
62150,Putrajaya,W.P. Putrajaya
62200,Putrajaya,W.P. Putrajaya
62250,Putrajaya,W.P. Putrajaya
62300,Putrajaya,W.P. Putrajaya
62502,Putrajaya,W.P. Putrajaya
62504,Putrajaya,W.P. Putrajaya
62505,Putrajaya,W.P. Putrajaya
62506,Putrajaya,W.P. Putrajaya
62510,Putrajaya,W.P. Putrajaya
62512,Putrajaya,W.P. Putrajaya
62514,Putrajaya,W.P. Putrajaya
62516,Putrajaya,W.P. Putrajaya
62517,Putrajaya,W.P. Putrajaya
62518,Putrajaya,W.P. Putrajaya
62519,Putrajaya,W.P. Putrajaya
62520,Putrajaya,W.P. Putrajaya
62522,Putrajaya,W.P. Putrajaya
62524,Putrajaya,W.P. Putrajaya
62526,Putrajaya,W.P. Putrajaya
62527,Putrajaya,W.P. Putrajaya
62530,Putrajaya,W.P. Putrajaya
62532,Putrajaya,W.P. Putrajaya
62536,Putrajaya,W.P. Putrajaya
62540,Putrajaya,W.P. Putrajaya
62542,Putrajaya,W.P. Putrajaya
62546,Putrajaya,W.P. Putrajaya
62550,Putrajaya,W.P. Putrajaya
62551,Putrajaya,W.P. Putrajaya
62564,Putrajaya,W.P. Putrajaya
62570,Putrajaya,W.P. Putrajaya
62574,Putrajaya,W.P. Putrajaya
62576,Putrajaya,W.P. Putrajaya
62582,Putrajaya,W.P. Putrajaya
62584,Putrajaya,W.P. Putrajaya
62590,Putrajaya,W.P. Putrajaya
62592,Putrajaya,W.P. Putrajaya
62594,Putrajaya,W.P. Putrajaya
62596,Putrajaya,W.P. Putrajaya
62600,Putrajaya,W.P. Putrajaya
62602,Putrajaya,W.P. Putrajaya
62604,Putrajaya,W.P. Putrajaya
62605,Putrajaya,W.P. Putrajaya
62606,Putrajaya,W.P. Putrajaya
62607,Putrajaya,W.P. Putrajaya
62612,Putrajaya,W.P. Putrajaya
62616,Putrajaya,W.P. Putrajaya
62618,Putrajaya,W.P. Putrajaya
62620,Putrajaya,W.P. Putrajaya
62622,Putrajaya,W.P. Putrajaya
62623,Putrajaya,W.P. Putrajaya
62624,Putrajaya,W.P. Putrajaya
62628,Putrajaya,W.P. Putrajaya
62630,Putrajaya,W.P. Putrajaya
62632,Putrajaya,W.P. Putrajaya
62640,Putrajaya,W.P. Putrajaya
62644,Putrajaya,W.P. Putrajaya
62648,Putrajaya,W.P. Putrajaya
62652,Putrajaya,W.P. Putrajaya
62654,Putrajaya,W.P. Putrajaya
62662,Putrajaya,W.P. Putrajaya
62668,Putrajaya,W.P. Putrajaya
62670,Putrajaya,W.P. Putrajaya
62674,Putrajaya,W.P. Putrajaya
62675,Putrajaya,W.P. Putrajaya
62676,Putrajaya,W.P. Putrajaya
62677,Putrajaya,W.P. Putrajaya
62686,Putrajaya,W.P. Putrajaya
62690,Putrajaya,W.P. Putrajaya
62692,Putrajaya,W.P. Putrajaya
63000,Cyberjaya,Selangor
63100,Cyberjaya,Selangor
64000,Klia,Selangor
68000,Ampang,Selangor
68100,Batu Caves,Selangor
69000,Genting Highlands,Pahang
69009,Genting Highlands,Pahang
70000,Seremban,Negeri Sembilan
70100,Seremban,Negeri Sembilan
70200,Seremban,Negeri Sembilan
70300,Seremban,Negeri Sembilan
70400,Seremban,Negeri Sembilan
70450,Seremban,Negeri Sembilan
70500,Seremban,Negeri Sembilan
70502,Seremban,Negeri Sembilan
70503,Seremban,Negeri Sembilan
70504,Seremban,Negeri Sembilan
70505,Seremban,Negeri Sembilan
70506,Seremban,Negeri Sembilan
70508,Seremban,Negeri Sembilan
70512,Seremban,Negeri Sembilan
70516,Seremban,Negeri Sembilan
70517,Seremban,Negeri Sembilan
70518,Seremban,Negeri Sembilan
70532,Seremban,Negeri Sembilan
70534,Seremban,Negeri Sembilan
70536,Seremban,Negeri Sembilan
70538,Seremban,Negeri Sembilan
70540,Seremban,Negeri Sembilan
70546,Seremban,Negeri Sembilan
70548,Seremban,Negeri Sembilan
70550,Seremban,Negeri Sembilan
70551,Seremban,Negeri Sembilan
70558,Seremban,Negeri Sembilan
70560,Seremban,Negeri Sembilan
70564,Seremban,Negeri Sembilan
70570,Seremban,Negeri Sembilan
70572,Seremban,Negeri Sembilan
70576,Seremban,Negeri Sembilan
70578,Seremban,Negeri Sembilan
70582,Seremban,Negeri Sembilan
70586,Seremban,Negeri Sembilan
70590,Seremban,Negeri Sembilan
70592,Seremban,Negeri Sembilan
70594,Seremban,Negeri Sembilan
70596,Seremban,Negeri Sembilan
70600,Seremban,Negeri Sembilan
70604,Seremban,Negeri Sembilan
70606,Seremban,Negeri Sembilan
70608,Seremban,Negeri Sembilan
70609,Seremban,Negeri Sembilan
70610,Seremban,Negeri Sembilan
70612,Seremban,Negeri Sembilan
70620,Seremban,Negeri Sembilan
70626,Seremban,Negeri Sembilan
70628,Seremban,Negeri Sembilan
70632,Seremban,Negeri Sembilan
70634,Seremban,Negeri Sembilan
70644,Seremban,Negeri Sembilan
70646,Seremban,Negeri Sembilan
70648,Seremban,Negeri Sembilan
70658,Seremban,Negeri Sembilan
70664,Seremban,Negeri Sembilan
70670,Seremban,Negeri Sembilan
70672,Seremban,Negeri Sembilan
70673,Seremban,Negeri Sembilan
70674,Seremban,Negeri Sembilan
70676,Seremban,Negeri Sembilan
70690,Seremban,Negeri Sembilan
70700,Seremban,Negeri Sembilan
70710,Seremban,Negeri Sembilan
70720,Seremban,Negeri Sembilan
70730,Seremban,Negeri Sembilan
70740,Seremban,Negeri Sembilan
70750,Seremban,Negeri Sembilan
70990,Seremban,Negeri Sembilan
71000,Port Dickson,Negeri Sembilan
71007,Port Dickson,Negeri Sembilan
71009,Port Dickson,Negeri Sembilan
71010,Port Dickson,Negeri Sembilan
71050,Si Rusa,Negeri Sembilan
71059,Si Rusa,Negeri Sembilan
71100,Linggi,Negeri Sembilan
71150,Rantau,Negeri Sembilan
71159,Linggi,Negeri Sembilan
71200,Rantau,Negeri Sembilan
71209,Rantau,Negeri Sembilan
71250,Si Rusa,Negeri Sembilan
71259,Pasir Panjang,Negeri Sembilan
71300,Rembau,Negeri Sembilan
71309,Rembau,Negeri Sembilan
71350,Kota,Negeri Sembilan
71359,Kota,Negeri Sembilan
71400,Rembau,Negeri Sembilan
71409,Rembau,Negeri Sembilan
71450,Seremban,Negeri Sembilan
71459,Seremban,Negeri Sembilan
71500,Tanjong Ipoh,Negeri Sembilan
71509,Tanjong Ipoh,Negeri Sembilan
71550,Tanjong Ipoh,Negeri Sembilan
71559,Tanjong Ipoh,Negeri Sembilan
71600,Kuala Klawang,Negeri Sembilan
71650,Kuala Klawang,Negeri Sembilan
71659,Kuala Klawang,Negeri Sembilan
71700,Mantin,Negeri Sembilan
71707,Mantin,Negeri Sembilan
71709,Mantin,Negeri Sembilan
71750,Mantin,Negeri Sembilan
71759,Lenggeng,Negeri Sembilan
71760,Bandar Enstek,Negeri Sembilan
71770,Seremban,Negeri Sembilan
71800,Nilai,Negeri Sembilan
71807,Nilai,Negeri Sembilan
71809,Nilai,Negeri Sembilan
71900,Labu,Negeri Sembilan
71907,Labu,Negeri Sembilan
71909,Labu,Negeri Sembilan
71950,Seremban,Negeri Sembilan
71960,Port Dickson,Negeri Sembilan
72000,Kuala Pilah,Negeri Sembilan
72007,Kuala Pilah,Negeri Sembilan
72009,Kuala Pilah,Negeri Sembilan
72100,Bahau,Negeri Sembilan
72107,Bahau,Negeri Sembilan
72109,Bahau,Negeri Sembilan
72120,Bandar Sri Jempol,Negeri Sembilan
72127,Bandar Sri Jempol,Negeri Sembilan
72129,Bandar Sri Jempol,Negeri Sembilan
72200,Batu Kikir,Negeri Sembilan
72207,Batu Kikir,Negeri Sembilan
72209,Batu Kikir,Negeri Sembilan
72300,Simpang Pertang,Negeri Sembilan
72307,Simpang Pertang,Negeri Sembilan
72309,Simpang Pertang,Negeri Sembilan
72400,Simpang Durian,Negeri Sembilan
72409,Simpang Durian,Negeri Sembilan
72500,Kuala Pilah,Negeri Sembilan
72507,Kuala Pilah,Negeri Sembilan
72509,Kuala Pilah,Negeri Sembilan
73000,Tampin,Negeri Sembilan
73007,Tampin,Negeri Sembilan
73009,Tampin,Negeri Sembilan
73010,Tampin,Negeri Sembilan
73100,Johol,Negeri Sembilan
73109,Johol,Negeri Sembilan
73200,Gemencheh,Negeri Sembilan
73207,Gemencheh,Negeri Sembilan
73209,Gemencheh,Negeri Sembilan
73300,Gemencheh,Negeri Sembilan
73309,Gemencheh,Negeri Sembilan
73400,Gemas,Negeri Sembilan
73409,Gemas,Negeri Sembilan
73420,Gemas,Negeri Sembilan
73430,Pusat Bandar Palong,Negeri Sembilan
73440,Pusat Bandar Palong,Negeri Sembilan
73450,Pusat Bandar Palong,Negeri Sembilan
73460,Pusat Bandar Palong,Negeri Sembilan
73470,Pusat Bandar Palong,Negeri Sembilan
73480,Gemas,Negeri Sembilan
73500,Rompin,Negeri Sembilan
73507,Rompin,Negeri Sembilan
73509,Rompin,Negeri Sembilan
75000,Melaka,Melaka
75050,Melaka,Melaka
75100,Melaka,Melaka
75150,Melaka,Melaka
75200,Melaka,Melaka
75250,Melaka,Melaka
75260,Melaka,Melaka
75300,Melaka,Melaka
75350,Melaka,Melaka
75400,Melaka,Melaka
75450,Ayer Keroh,Melaka
75459,Ayer Keroh,Melaka
75460,Melaka,Melaka
75500,Melaka,Melaka
75502,Melaka,Melaka
75503,Melaka,Melaka
75504,Melaka,Melaka
75505,Melaka,Melaka
75506,Melaka,Melaka
75508,Melaka,Melaka
75510,Melaka,Melaka
75512,Melaka,Melaka
75514,Melaka,Melaka
75516,Melaka,Melaka
75517,Melaka,Melaka
75518,Melaka,Melaka
75519,Melaka,Melaka
75532,Melaka,Melaka
75536,Melaka,Melaka
75538,Melaka,Melaka
75540,Melaka,Melaka
75542,Melaka,Melaka
75546,Melaka,Melaka
75550,Melaka,Melaka
75551,Melaka,Melaka
75552,Melaka,Melaka
75560,Melaka,Melaka
75564,Melaka,Melaka
75566,Melaka,Melaka
75570,Melaka,Melaka
75572,Melaka,Melaka
75576,Melaka,Melaka
75578,Melaka,Melaka
75582,Melaka,Melaka
75584,Melaka,Melaka
75586,Melaka,Melaka
75590,Melaka,Melaka
75592,Melaka,Melaka
75594,Melaka,Melaka
75596,Melaka,Melaka
75600,Melaka,Melaka
75604,Melaka,Melaka
75606,Melaka,Melaka
75608,Melaka,Melaka
75609,Melaka,Melaka
75612,Melaka,Melaka
75620,Melaka,Melaka
75622,Melaka,Melaka
75623,Melaka,Melaka
75626,Melaka,Melaka
75628,Melaka,Melaka
75630,Melaka,Melaka
75632,Melaka,Melaka
75646,Melaka,Melaka
75648,Melaka,Melaka
75664,Melaka,Melaka
75670,Melaka,Melaka
75672,Melaka,Melaka
75673,Melaka,Melaka
75674,Melaka,Melaka
75676,Melaka,Melaka
75690,Melaka,Melaka
75700,Melaka,Melaka
75710,Melaka,Melaka
75720,Melaka,Melaka
75730,Melaka,Melaka
75740,Melaka,Melaka
75750,Melaka,Melaka
75760,Melaka,Melaka
75900,Melaka,Melaka
75902,Melaka,Melaka
75904,Melaka,Melaka
75906,Melaka,Melaka
75908,Melaka,Melaka
75910,Melaka,Melaka
75912,Melaka,Melaka
75914,Melaka,Melaka
75916,Melaka,Melaka
75918,Melaka,Melaka
75990,Melaka,Melaka
76100,Durian Tunggal,Melaka
76109,Durian Tunggal,Melaka
76200,Sungai Udang,Melaka
76300,Sungai Udang,Melaka
76400,Tanjong Keling,Melaka
76409,Tanjong Keling,Melaka
76450,Melaka,Melaka
77000,Jasin,Melaka
77007,Jasin,Melaka
77008,Jasin,Melaka
77009,Jasin,Melaka
77100,Asahan,Melaka
77109,Asahan,Melaka
77200,Bemban,Melaka
77300,Merlimau,Melaka
77307,Merlimau,Melaka
77309,Merlimau,Melaka
77400,Sungai Rambai,Melaka
77409,Sungai Rambai,Melaka
77500,Selandar,Melaka
77507,Selandar,Melaka
77509,Selandar,Melaka
78000,Alor Gajah,Melaka
78007,Alor Gajah,Melaka
78009,Alor Gajah,Melaka
78100,Lubok China,Melaka
78200,Kuala Sungai Baru,Melaka
78300,Masjid Tanah,Melaka
78307,Masjid Tanah,Melaka
78309,Masjid Tanah,Melaka
79000,Iskandar Puteri,Johor
79050,Iskandar Puteri,Johor
79100,Iskandar Puteri,Johor
79150,Iskandar Puteri,Johor
79200,Iskandar Puteri,Johor
79250,Iskandar Puteri,Johor
79502,Iskandar Puteri,Johor
79503,Iskandar Puteri,Johor
79504,Iskandar Puteri,Johor
79511,Iskandar Puteri,Johor
79513,Iskandar Puteri,Johor
79514,Iskandar Puteri,Johor
79517,Iskandar Puteri,Johor
79518,Iskandar Puteri,Johor
79520,Iskandar Puteri,Johor
79521,Iskandar Puteri,Johor
79523,Iskandar Puteri,Johor
79532,Iskandar Puteri,Johor
79538,Iskandar Puteri,Johor
79540,Iskandar Puteri,Johor
79546,Iskandar Puteri,Johor
79548,Iskandar Puteri,Johor
79550,Iskandar Puteri,Johor
79555,Iskandar Puteri,Johor
79570,Iskandar Puteri,Johor
79575,Iskandar Puteri,Johor
79576,Iskandar Puteri,Johor
79582,Iskandar Puteri,Johor
79592,Iskandar Puteri,Johor
79601,Iskandar Puteri,Johor
79603,Iskandar Puteri,Johor
79605,Iskandar Puteri,Johor
79606,Iskandar Puteri,Johor
79612,Iskandar Puteri,Johor
79626,Iskandar Puteri,Johor
79630,Iskandar Puteri,Johor
79632,Iskandar Puteri,Johor
79646,Iskandar Puteri,Johor
79658,Iskandar Puteri,Johor
79660,Iskandar Puteri,Johor
79680,Iskandar Puteri,Johor
79681,Iskandar Puteri,Johor
79683,Iskandar Puteri,Johor
80000,Johor Bahru,Johor
80050,Johor Bahru,Johor
80057,Johor Bahru,Johor
80100,Johor Bahru,Johor
80150,Johor Bahru,Johor
80200,Johor Bahru,Johor
80250,Johor Bahru,Johor
80300,Johor Bahru,Johor
80350,Johor Bahru,Johor
80357,Johor Bahru,Johor
80359,Johor Bahru,Johor
80400,Johor Bahru,Johor
80500,Johor Bahru,Johor
80505,Johor Bahru,Johor
80506,Johor Bahru,Johor
80508,Johor Bahru,Johor
80514,Johor Bahru,Johor
80516,Johor Bahru,Johor
80519,Johor Bahru,Johor
80534,Johor Bahru,Johor
80536,Johor Bahru,Johor
80538,Johor Bahru,Johor
80542,Johor Bahru,Johor
80544,Johor Bahru,Johor
80546,Johor Bahru,Johor
80554,Johor Bahru,Johor
80558,Johor Bahru,Johor
80560,Johor Bahru,Johor
80564,Johor Bahru,Johor
80568,Johor Bahru,Johor
80578,Johor Bahru,Johor
80586,Johor Bahru,Johor
80590,Johor Bahru,Johor
80592,Johor Bahru,Johor
80594,Johor Bahru,Johor
80596,Johor Bahru,Johor
80598,Johor Bahru,Johor
80600,Johor Bahru,Johor
80604,Johor Bahru,Johor
80608,Johor Bahru,Johor
80620,Johor Bahru,Johor
80622,Johor Bahru,Johor
80628,Johor Bahru,Johor
80644,Johor Bahru,Johor
80648,Johor Bahru,Johor
80662,Johor Bahru,Johor
80664,Johor Bahru,Johor
80670,Johor Bahru,Johor
80672,Johor Bahru,Johor
80673,Johor Bahru,Johor
80676,Johor Bahru,Johor
80690,Johor Bahru,Johor
80700,Johor Bahru,Johor
80710,Johor Bahru,Johor
80720,Johor Bahru,Johor
80730,Johor Bahru,Johor
80888,Ibrahim International Business District,Johor
80900,Johor Bahru,Johor
80902,Johor Bahru,Johor
80904,Johor Bahru,Johor
80906,Johor Bahru,Johor
80908,Johor Bahru,Johor
80988,Johor Bahru,Johor
80990,Johor Bahru,Johor
81000,Kulai,Johor
81007,Kulai,Johor
81009,Kulai,Johor
81100,Johor Bahru,Johor
81107,Johor Bahru,Johor
81200,Johor Bahru,Johor
81300,Skudai,Johor
81307,Skudai,Johor
81310,Skudai,Johor
81400,Senai,Johor
81407,Senai,Johor
81409,Senai,Johor
81440,Kulai,Johor
81447,Kulai,Johor
81450,Kulai,Johor
81500,Pekan Nenas,Johor
81507,Pekan Nenas,Johor
81550,Gelang Patah,Johor
81551,Johor Bahru,Johor
81552,Johor Bahru,Johor
81556,Johor Bahru,Johor
81557,Gelang Patah,Johor
81560,Gelang Patah,Johor
81600,Pengerang,Johor
81700,Pasir Gudang,Johor
81707,Pasir Gudang,Johor
81750,Masai,Johor
81757,Masai,Johor
81759,Pasir Gudang,Johor
81800,Ulu Tiram,Johor
81807,Ulu Tiram,Johor
81809,Ulu Tiram,Johor
81850,Layang-Layang,Johor
81900,Kota Tinggi,Johor
81907,Kota Tinggi,Johor
81920,Ayer Tawar 2,Johor
81927,Ayer Tawar 2,Johor
81930,Bandar Penawar,Johor
81937,Bandar Penawar,Johor
82000,Pontian,Johor
82007,Pontian,Johor
82009,Pontian,Johor
82100,Pontian,Johor
82200,Benut,Johor
82207,Benut,Johor
82300,Pontian,Johor
83000,Batu Pahat,Johor
83007,Batu Pahat,Johor
83009,Batu Pahat,Johor
83010,Batu Pahat,Johor
83020,Batu Pahat,Johor
83050,Batu Pahat,Johor
83100,Rengit,Johor
83200,Batu Pahat,Johor
83300,Sri Gading,Johor
83307,Batu Pahat,Johor
83400,Batu Pahat,Johor
83407,Batu Pahat,Johor
83500,Batu Pahat,Johor
83600,Batu Pahat,Johor
83700,Yong Peng,Johor
83707,Yong Peng,Johor
83710,Yong Peng,Johor
84000,Muar,Johor
84007,Muar,Johor
84030,Muar,Johor
84040,Muar,Johor
84150,Muar,Johor
84157,Muar,Johor
84200,Muar,Johor
84300,Muar,Johor
84400,Muar,Johor
84407,Muar,Johor
84500,Muar,Johor
84600,Muar,Johor
84700,Muar,Johor
84800,Muar,Johor
84900,Tangkak,Johor
84907,Tangkak,Johor
84909,Tangkak,Johor
85000,Segamat,Johor
85007,Segamat,Johor
85100,Segamat,Johor
85109,Segamat,Johor
85200,Segamat,Johor
85300,Segamat,Johor
85307,Segamat,Johor
85309,Segamat,Johor
85400,Segamat,Johor
86000,Kluang,Johor
86007,Kluang,Johor
86009,Kluang,Johor
86100,Ayer Hitam,Johor
86107,Ayer Hitam,Johor
86200,Simpang Renggam,Johor
86207,Simpang Renggam,Johor
86300,Kluang,Johor
86400,Batu Pahat,Johor
86407,Batu Pahat,Johor
86500,Segamat,Johor
86600,Paloh,Johor
86700,Kahang,Johor
86707,Kahang,Johor
86800,Mersing,Johor
86807,Mersing,Johor
86810,Mersing,Johor
86888,Mersing,Johor
86900,Endau,Johor
87000,Labuan,W.P. Labuan
87010,Labuan,W.P. Labuan
87011,Labuan,W.P. Labuan
87012,Labuan,W.P. Labuan
87013,Labuan,W.P. Labuan
87014,Labuan,W.P. Labuan
87015,Labuan,W.P. Labuan
87016,Labuan,W.P. Labuan
87017,Labuan,W.P. Labuan
87018,Labuan,W.P. Labuan
87019,Labuan,W.P. Labuan
87020,Labuan,W.P. Labuan
87021,Labuan,W.P. Labuan
87022,Labuan,W.P. Labuan
87023,Labuan,W.P. Labuan
87024,Labuan,W.P. Labuan
87025,Labuan,W.P. Labuan
87026,Labuan,W.P. Labuan
87027,Labuan,W.P. Labuan
87028,Labuan,W.P. Labuan
87029,Labuan,W.P. Labuan
87030,Labuan,W.P. Labuan
87031,Labuan,W.P. Labuan
87032,Labuan,W.P. Labuan
87033,Labuan,W.P. Labuan
88000,Kota Kinabalu,Sabah
88100,Kota Kinabalu,Sabah
88200,Kota Kinabalu,Sabah
88300,Kota Kinabalu,Sabah
88400,Kota Kinabalu,Sabah
88450,Kota Kinabalu,Sabah
88460,Kota Kinabalu,Sabah
88500,Kota Kinabalu,Sabah
88502,Kota Kinabalu,Sabah
88504,Kota Kinabalu,Sabah
88505,Kota Kinabalu,Sabah
88506,Kota Kinabalu,Sabah
88508,Kota Kinabalu,Sabah
88510,Kota Kinabalu,Sabah
88512,Kota Kinabalu,Sabah
88514,Kota Kinabalu,Sabah
88516,Kota Kinabalu,Sabah
88518,Kota Kinabalu,Sabah
88520,Kota Kinabalu,Sabah
88526,Kota Kinabalu,Sabah
88527,Kota Kinabalu,Sabah
88532,Kota Kinabalu,Sabah
88534,Kota Kinabalu,Sabah
88538,Kota Kinabalu,Sabah
88540,Kota Kinabalu,Sabah
88546,Kota Kinabalu,Sabah
88550,Kota Kinabalu,Sabah
88551,Kota Kinabalu,Sabah
88552,Kota Kinabalu,Sabah
88554,Kota Kinabalu,Sabah
88556,Kota Kinabalu,Sabah
88558,Kota Kinabalu,Sabah
88560,Kota Kinabalu,Sabah
88564,Kota Kinabalu,Sabah
88566,Kota Kinabalu,Sabah
88568,Kota Kinabalu,Sabah
88570,Kota Kinabalu,Sabah
88572,Kota Kinabalu,Sabah
88576,Kota Kinabalu,Sabah
88580,Kota Kinabalu,Sabah
88582,Kota Kinabalu,Sabah
88590,Kota Kinabalu,Sabah
88592,Kota Kinabalu,Sabah
88594,Kota Kinabalu,Sabah
88596,Kota Kinabalu,Sabah
88598,Kota Kinabalu,Sabah
88600,Kota Kinabalu,Sabah
88604,Kota Kinabalu,Sabah
88606,Kota Kinabalu,Sabah
88608,Kota Kinabalu,Sabah
88609,Kota Kinabalu,Sabah
88612,Kota Kinabalu,Sabah
88614,Kota Kinabalu,Sabah
88617,Kota Kinabalu,Sabah
88618,Kota Kinabalu,Sabah
88620,Kota Kinabalu,Sabah
88621,Kota Kinabalu,Sabah
88622,Kota Kinabalu,Sabah
88624,Kota Kinabalu,Sabah
88626,Kota Kinabalu,Sabah
88630,Kota Kinabalu,Sabah
88632,Kota Kinabalu,Sabah
88634,Kota Kinabalu,Sabah
88644,Kota Kinabalu,Sabah
88646,Kota Kinabalu,Sabah
88648,Kota Kinabalu,Sabah
88656,Kota Kinabalu,Sabah
88662,Kota Kinabalu,Sabah
88670,Kota Kinabalu,Sabah
88672,Kota Kinabalu,Sabah
88673,Kota Kinabalu,Sabah
88675,Kota Kinabalu,Sabah
88676,Kota Kinabalu,Sabah
88680,Kota Kinabalu,Sabah
88690,Kota Kinabalu,Sabah
88700,Kota Kinabalu,Sabah
88721,Kota Kinabalu,Sabah
88722,Kota Kinabalu,Sabah
88723,Kota Kinabalu,Sabah
88724,Kota Kinabalu,Sabah
88725,Kota Kinabalu,Sabah
88757,Kota Kinabalu,Sabah
88758,Kota Kinabalu,Sabah
88759,Kota Kinabalu,Sabah
88760,Kota Kinabalu,Sabah
88761,Kota Kinabalu,Sabah
88762,Kota Kinabalu,Sabah
88763,Kota Kinabalu,Sabah
88764,Kota Kinabalu,Sabah
88765,Kota Kinabalu,Sabah
88766,Kota Kinabalu,Sabah
88767,Kota Kinabalu,Sabah
88768,Kota Kinabalu,Sabah
88769,Kota Kinabalu,Sabah
88770,Kota Kinabalu,Sabah
88771,Kota Kinabalu,Sabah
88772,Kota Kinabalu,Sabah
88773,Kota Kinabalu,Sabah
88774,Kota Kinabalu,Sabah
88775,Kota Kinabalu,Sabah
88776,Kota Kinabalu,Sabah
88777,Kota Kinabalu,Sabah
88778,Kota Kinabalu,Sabah
88779,Kota Kinabalu,Sabah
88780,Kota Kinabalu,Sabah
88781,Kota Kinabalu,Sabah
88782,Kota Kinabalu,Sabah
88783,Kota Kinabalu,Sabah
88784,Kota Kinabalu,Sabah
88785,Kota Kinabalu,Sabah
88786,Kota Kinabalu,Sabah
88787,Kota Kinabalu,Sabah
88788,Kota Kinabalu,Sabah
88789,Kota Kinabalu,Sabah
88790,Kota Kinabalu,Sabah
88800,Kota Kinabalu,Sabah
88801,Kota Kinabalu,Sabah
88802,Kota Kinabalu,Sabah
88803,Kota Kinabalu,Sabah
88804,Kota Kinabalu,Sabah
88805,Kota Kinabalu,Sabah
88806,Kota Kinabalu,Sabah
88807,Kota Kinabalu,Sabah
88808,Kota Kinabalu,Sabah
88809,Kota Kinabalu,Sabah
88810,Kota Kinabalu,Sabah
88811,Kota Kinabalu,Sabah
88812,Kota Kinabalu,Sabah
88813,Kota Kinabalu,Sabah
88814,Kota Kinabalu,Sabah
88815,Kota Kinabalu,Sabah
88816,Kota Kinabalu,Sabah
88817,Kota Kinabalu,Sabah
88818,Kota Kinabalu,Sabah
88819,Kota Kinabalu,Sabah
88820,Kota Kinabalu,Sabah
88821,Kota Kinabalu,Sabah
88822,Kota Kinabalu,Sabah
88823,Kota Kinabalu,Sabah
88824,Kota Kinabalu,Sabah
88825,Kota Kinabalu,Sabah
88826,Kota Kinabalu,Sabah
88827,Kota Kinabalu,Sabah
88828,Kota Kinabalu,Sabah
88829,Kota Kinabalu,Sabah
88830,Kota Kinabalu,Sabah
88831,Kota Kinabalu,Sabah
88832,Kota Kinabalu,Sabah
88833,Kota Kinabalu,Sabah
88834,Kota Kinabalu,Sabah
88835,Kota Kinabalu,Sabah
88836,Kota Kinabalu,Sabah
88837,Kota Kinabalu,Sabah
88838,Kota Kinabalu,Sabah
88839,Kota Kinabalu,Sabah
88840,Kota Kinabalu,Sabah
88841,Kota Kinabalu,Sabah
88842,Kota Kinabalu,Sabah
88843,Kota Kinabalu,Sabah
88844,Kota Kinabalu,Sabah
88845,Kota Kinabalu,Sabah
88846,Kota Kinabalu,Sabah
88847,Kota Kinabalu,Sabah
88848,Kota Kinabalu,Sabah
88849,Kota Kinabalu,Sabah
88850,Kota Kinabalu,Sabah
88851,Kota Kinabalu,Sabah
88852,Kota Kinabalu,Sabah
88853,Kota Kinabalu,Sabah
88854,Kota Kinabalu,Sabah
88855,Kota Kinabalu,Sabah
88856,Likas,Sabah
88857,Kota Kinabalu,Sabah
88858,Kota Kinabalu,Sabah
88859,Kota Kinabalu,Sabah
88860,Kota Kinabalu,Sabah
88861,Kota Kinabalu,Sabah
88862,Kota Kinabalu,Sabah
88863,Kota Kinabalu,Sabah
88864,Kota Kinabalu,Sabah
88865,Kota Kinabalu,Sabah
88866,Kota Kinabalu,Sabah
88867,Kota Kinabalu,Sabah
88868,Kota Kinabalu,Sabah
88869,Kota Kinabalu,Sabah
88870,Kota Kinabalu,Sabah
88871,Kota Kinabalu,Sabah
88872,Kota Kinabalu,Sabah
88873,Kota Kinabalu,Sabah
88874,Kota Kinabalu,Sabah
88875,Kota Kinabalu,Sabah
88900,Kota Kinabalu,Sabah
88901,Kota Kinabalu,Sabah
88902,Kota Kinabalu,Sabah
88903,Kota Kinabalu,Sabah
88904,Kota Kinabalu,Sabah
88905,Kota Kinabalu,Sabah
88906,Kota Kinabalu,Sabah
88988,Kota Kinabalu,Sabah
88990,Kota Kinabalu,Sabah
88991,Kota Kinabalu,Sabah
88992,Kota Kinabalu,Sabah
88993,Kota Kinabalu,Sabah
88994,Kota Kinabalu,Sabah
88995,Kota Kinabalu,Sabah
88996,Kota Kinabalu,Sabah
88997,Kota Kinabalu,Sabah
88998,Kota Kinabalu,Sabah
88999,Kota Kinabalu,Sabah
89000,Keningau,Sabah
89007,Keningau,Sabah
89008,Keningau,Sabah
89009,Keningau,Sabah
89050,Kudat,Sabah
89057,Kudat,Sabah
89058,Kudat,Sabah
89059,Kudat,Sabah
89100,Kota Marudu,Sabah
89107,Kota Marudu,Sabah
89108,Kota Marudu,Sabah
89109,Kota Marudu,Sabah
89130,Kota Marudu,Sabah
89137,Kota Marudu,Sabah
89138,Kota Marudu,Sabah
89139,Kota Marudu,Sabah
89150,Kota Belud,Sabah
89157,Kota Belud,Sabah
89158,Kota Belud,Sabah
89159,Kota Belud,Sabah
89200,Tuaran,Sabah
89207,Tuaran,Sabah
89208,Tuaran,Sabah
89209,Tuaran,Sabah
89250,Tamparuli,Sabah
89257,Tamparuli,Sabah
89258,Tamparuli,Sabah
89259,Tamparuli,Sabah
89260,Tamparuli,Sabah
89300,Ranau,Sabah
89307,Ranau,Sabah
89308,Ranau,Sabah
89309,Ranau,Sabah
89320,Ranau,Sabah
89327,Ranau,Sabah
89328,Ranau,Sabah
89329,Ranau,Sabah
89330,Ranau,Sabah
89337,Ranau,Sabah
89338,Ranau,Sabah
89339,Ranau,Sabah
89500,Penampang,Sabah
89507,Penampang,Sabah
89508,Penampang,Sabah
89509,Penampang,Sabah
89600,Papar,Sabah
89607,Papar,Sabah
89608,Papar,Sabah
89609,Papar,Sabah
89650,Tambunan,Sabah
89657,Tambunan,Sabah
89658,Tambunan,Sabah
89659,Tambunan,Sabah
89700,Bongawan,Sabah
89707,Bongawan,Sabah
89708,Bongawan,Sabah
89709,Bongawan,Sabah
89720,Membakut,Sabah
89727,Membakut,Sabah
89728,Membakut,Sabah
89729,Membakut,Sabah
89740,Kuala Penyu,Sabah
89747,Kuala Penyu,Sabah
89748,Kuala Penyu,Sabah
89749,Kuala Penyu,Sabah
89760,Menumbok,Sabah
89767,Menumbok,Sabah
89768,Menumbok,Sabah
89769,Menumbok,Sabah
89800,Beaufort,Sabah
89807,Beaufort,Sabah
89808,Beaufort,Sabah
89809,Beaufort,Sabah
89850,Sipitang,Sabah
89857,Sipitang,Sabah
89858,Sipitang,Sabah
89859,Sipitang,Sabah
89900,Tenom,Sabah
89907,Tenom,Sabah
89908,Tenom,Sabah
89909,Tenom,Sabah
89950,Nabawan,Sabah
89957,Nabawan,Sabah
89958,Nabawan,Sabah
89959,Nabawan,Sabah
90000,Sandakan,Sabah
90008,Sandakan,Sabah
90009,Sandakan,Sabah
90100,Beluran,Sabah
90107,Beluran,Sabah
90108,Beluran,Sabah
90109,Beluran,Sabah
90200,Kota Kinbatangan,Sabah
90208,Kota Kinbatangan,Sabah
90300,Sandakan,Sabah
90307,Sandakan,Sabah
90308,Sandakan,Sabah
90400,Sandakan,Sabah
90508,Sandakan,Sabah
90509,Sandakan,Sabah
90700,Sandakan,Sabah
90701,Sandakan,Sabah
90702,Sandakan,Sabah
90703,Sandakan,Sabah
90704,Sandakan,Sabah
90705,Sandakan,Sabah
90706,Sandakan,Sabah
90707,Sandakan,Sabah
90708,Sandakan,Sabah
90709,Sandakan,Sabah
90710,Sandakan,Sabah
90711,Sandakan,Sabah
90712,Sandakan,Sabah
90713,Sandakan,Sabah
90714,Sandakan,Sabah
90715,Sandakan,Sabah
90716,Sandakan,Sabah
90717,Sandakan,Sabah
90718,Sandakan,Sabah
90719,Sandakan,Sabah
90720,Sandakan,Sabah
90721,Sandakan,Sabah
90722,Sandakan,Sabah
90723,Sandakan,Sabah
90724,Sandakan,Sabah
90725,Sandakan,Sabah
90726,Sandakan,Sabah
90727,Sandakan,Sabah
90728,Sandakan,Sabah
90729,Sandakan,Sabah
90730,Sandakan,Sabah
90731,Sandakan,Sabah
90732,Sandakan,Sabah
90733,Sandakan,Sabah
90734,Sandakan,Sabah
90735,Sandakan,Sabah
90736,Sandakan,Sabah
90737,Sandakan,Sabah
90738,Sandakan,Sabah
90739,Sandakan,Sabah
90740,Sandakan,Sabah
90741,Sandakan,Sabah
91000,Tawau,Sabah
91007,Tawau,Sabah
91008,Tawau,Sabah
91009,Tawau,Sabah
91010,Tawau,Sabah
91011,Tawau,Sabah
91012,Tawau,Sabah
91013,Tawau,Sabah
91014,Tawau,Sabah
91015,Tawau,Sabah
91016,Tawau,Sabah
91017,Tawau,Sabah
91018,Tawau,Sabah
91019,Tawau,Sabah
91020,Tawau,Sabah
91021,Tawau,Sabah
91022,Tawau,Sabah
91023,Tawau,Sabah
91024,Tawau,Sabah
91025,Tawau,Sabah
91026,Tawau,Sabah
91027,Tawau,Sabah
91028,Tawau,Sabah
91029,Tawau,Sabah
91030,Tawau,Sabah
91031,Tawau,Sabah
91032,Tawau,Sabah
91033,Tawau,Sabah
91034,Tawau,Sabah
91035,Tawau,Sabah
91036,Tawau,Sabah
91037,Tawau,Sabah
91038,Tawau,Sabah
91039,Tawau,Sabah
91040,Tawau,Sabah
91041,Tawau,Sabah
91042,Tawau,Sabah
91043,Tawau,Sabah
91044,Tawau,Sabah
91045,Tawau,Sabah
91046,Tawau,Sabah
91047,Tawau,Sabah
91048,Tawau,Sabah
91049,Tawau,Sabah
91050,Tawau,Sabah
91051,Tawau,Sabah
91052,Tawau,Sabah
91053,Tawau,Sabah
91054,Tawau,Sabah
91055,Tawau,Sabah
91056,Tawau,Sabah
91100,Lahad Datu,Sabah
91107,Lahad Datu,Sabah
91109,Lahad Datu,Sabah
91110,Lahad Datu,Sabah
91111,Lahad Datu,Sabah
91112,Lahad Datu,Sabah
91113,Lahad Datu,Sabah
91114,Lahad Datu,Sabah
91115,Lahad Datu,Sabah
91116,Lahad Datu,Sabah
91117,Lahad Datu,Sabah
91118,Lahad Datu,Sabah
91119,Lahad Datu,Sabah
91120,Lahad Datu,Sabah
91121,Lahad Datu,Sabah
91122,Lahad Datu,Sabah
91123,Lahad Datu,Sabah
91124,Lahad Datu,Sabah
91125,Lahad Datu,Sabah
91126,Lahad Datu,Sabah
91127,Lahad Datu,Sabah
91128,Lahad Datu,Sabah
91150,Lahad Datu,Sabah
91200,Kunak,Sabah
91207,Kunak,Sabah
91208,Kunak,Sabah
91209,Kunak,Sabah
91300,Semporna,Sabah
91307,Semporna,Sabah
91308,Semporna,Sabah
91309,Semporna,Sabah
91400,Kalabakan,Sabah
93000,Kuching,Sarawak
93010,Kuching,Sarawak
93050,Kuching,Sarawak
93100,Kuching,Sarawak
93107,Kuching,Sarawak
93150,Kuching,Sarawak
93200,Kuching,Sarawak
93250,Kuching,Sarawak
93257,Kuching,Sarawak
93300,Kuching,Sarawak
93307,Kuching,Sarawak
93350,Kuching,Sarawak
93400,Kuching,Sarawak
93407,Kuching,Sarawak
93450,Kuching,Sarawak
93457,Kuching,Sarawak
93500,Kuching,Sarawak
93501,Kuching,Sarawak
93502,Kuching,Sarawak
93503,Kuching,Sarawak
93504,Kuching,Sarawak
93505,Kuching,Sarawak
93506,Kuching,Sarawak
93507,Kuching,Sarawak
93508,Kuching,Sarawak
93514,Kuching,Sarawak
93516,Kuching,Sarawak
93517,Kuching,Sarawak
93518,Kuching,Sarawak
93519,Kuching,Sarawak
93520,Kuching,Sarawak
93527,Kuching,Sarawak
93529,Kuching,Sarawak
93532,Kuching,Sarawak
93540,Kuching,Sarawak
93550,Kuching,Sarawak
93551,Kuching,Sarawak
93552,Kuching,Sarawak
93554,Kuching,Sarawak
93556,Kuching,Sarawak
93558,Kuching,Sarawak
93560,Kuching,Sarawak
93564,Kuching,Sarawak
93566,Kuching,Sarawak
93570,Kuching,Sarawak
93572,Kuching,Sarawak
93576,Kuching,Sarawak
93578,Kuching,Sarawak
93582,Kuching,Sarawak
93586,Kuching,Sarawak
93590,Kuching,Sarawak
93592,Kuching,Sarawak
93594,Kuching,Sarawak
93596,Kuching,Sarawak
93600,Kuching,Sarawak
93601,Kuching,Sarawak
93604,Kuching,Sarawak
93606,Kuching,Sarawak
93608,Kuching,Sarawak
93609,Kuching,Sarawak
93610,Kuching,Sarawak
93612,Kuching,Sarawak
93614,Kuching,Sarawak
93618,Kuching,Sarawak
93619,Kuching,Sarawak
93620,Kuching,Sarawak
93626,Kuching,Sarawak
93628,Kuching,Sarawak
93632,Kuching,Sarawak
93634,Kuching,Sarawak
93648,Kuching,Sarawak
93658,Kuching,Sarawak
93660,Kuching,Sarawak
93661,Kuching,Sarawak
93662,Kuching,Sarawak
93668,Kuching,Sarawak
93670,Kuching,Sarawak
93672,Kuching,Sarawak
93675,Kuching,Sarawak
93677,Kuching,Sarawak
93690,Kuching,Sarawak
93694,Kuching,Sarawak
93700,Kuching,Sarawak
93702,Kuching,Sarawak
93704,Kuching,Sarawak
93706,Kuching,Sarawak
93708,Kuching,Sarawak
93710,Kuching,Sarawak
93712,Kuching,Sarawak
93714,Kuching,Sarawak
93716,Kuching,Sarawak
93718,Kuching,Sarawak
93720,Kuching,Sarawak
93722,Kuching,Sarawak
93724,Kuching,Sarawak
93726,Kuching,Sarawak
93728,Kuching,Sarawak
93730,Kuching,Sarawak
93732,Kuching,Sarawak
93734,Kuching,Sarawak
93736,Kuching,Sarawak
93738,Kuching,Sarawak
93740,Kuching,Sarawak
93742,Kuching,Sarawak
93744,Kuching,Sarawak
93746,Kuching,Sarawak
93748,Kuching,Sarawak
93750,Kuching,Sarawak
93752,Kuching,Sarawak
93754,Kuching,Sarawak
93756,Kuching,Sarawak
93758,Kuching,Sarawak
93760,Kuching,Sarawak
93762,Kuching,Sarawak
93764,Kuching,Sarawak
93900,Kuching,Sarawak
93902,Kuching,Sarawak
93904,Kuching,Sarawak
93906,Kuching,Sarawak
93908,Kuching,Sarawak
93910,Kuching,Sarawak
93912,Kuching,Sarawak
93914,Kuching,Sarawak
93916,Kuching,Sarawak
93990,Kuching,Sarawak
94000,Bau,Sarawak
94007,Bau,Sarawak
94009,Bau,Sarawak
94100,Sematan,Sarawak
94111,Lundu,Sarawak
94200,Siburan,Sarawak
94300,Kota Samarahan,Sarawak
94500,Lundu,Sarawak
94507,Lundu,Sarawak
94509,Lundu,Sarawak
94600,Asajaya,Sarawak
94607,Asajaya,Sarawak
94650,Kabong,Sarawak
94700,Serian,Sarawak
94707,Serian,Sarawak
94709,Serian,Sarawak
94750,Serian,Sarawak
94760,Tebedu,Sarawak
94800,Simunjan,Sarawak
94807,Simunjan,Sarawak
94809,Simunjan,Sarawak
94820,Gedong,Sarawak
94850,Sebuyau,Sarawak
94900,Lingga,Sarawak
94950,Pusa,Sarawak
95000,Sri Aman,Sarawak
95007,Sri Aman,Sarawak
95008,Sri Aman,Sarawak
95009,Sri Aman,Sarawak
95300,Roban,Sarawak
95400,Saratok,Sarawak
95407,Saratok,Sarawak
95409,Saratok,Sarawak
95500,Debak,Sarawak
95600,Spaoh,Sarawak
95700,Betong,Sarawak
95707,Betong,Sarawak
95709,Betong,Sarawak
95800,Engkilili,Sarawak
95807,Engkilili,Sarawak
95900,Lubok Antu,Sarawak
96000,Sibu,Sarawak
96007,Sibu,Sarawak
96008,Sibu,Sarawak
96009,Sibu,Sarawak
96010,Sibu,Sarawak
96100,Sarikei,Sarawak
96107,Sarikei,Sarawak
96108,Sarikei,Sarawak
96109,Sarikei,Sarawak
96150,Belawai,Sarawak
96200,Daro,Sarawak
96250,Matu,Sarawak
96300,Dalat,Sarawak
96307,Dalat,Sarawak
96309,Dalat,Sarawak
96350,Balingian,Sarawak
96400,Mukah,Sarawak
96407,Mukah,Sarawak
96410,Oya,Sarawak
96500,Bintangor,Sarawak
96507,Bintangor,Sarawak
96508,Bintangor,Sarawak
96509,Bintangor,Sarawak
96510,Pakan,Sarawak
96600,Julau,Sarawak
96609,Julau,Sarawak
96700,Kanowit,Sarawak
96707,Kanowit,Sarawak
96709,Kanowit,Sarawak
96800,Kapit,Sarawak
96807,Kapit,Sarawak
96809,Kapit,Sarawak
96850,Song,Sarawak
96857,Song,Sarawak
96900,Belaga,Sarawak
96950,Belaga,Sarawak
97000,Bintulu,Sarawak
97007,Bintulu,Sarawak
97008,Bintulu,Sarawak
97009,Bintulu,Sarawak
97010,Bintulu,Sarawak
97011,Bintulu,Sarawak
97012,Bintulu,Sarawak
97013,Bintulu,Sarawak
97014,Bintulu,Sarawak
97015,Bintulu,Sarawak
97100,Sebauh,Sarawak
97200,Tatau,Sarawak
97300,Bintulu,Sarawak
97307,Bintulu,Sarawak
98000,Miri,Sarawak
98007,Miri,Sarawak
98008,Miri,Sarawak
98009,Miri,Sarawak
98050,Baram,Sarawak
98057,Baram,Sarawak
98058,Baram,Sarawak
98059,Baram,Sarawak
98060,Bario,Sarawak
98070,Mulu,Sarawak
98100,Miri,Sarawak
98107,Miri,Sarawak
98109,Miri,Sarawak
98150,Bekenu,Sarawak
98157,Bekenu,Sarawak
98159,Bekenu,Sarawak
98200,Niah,Sarawak
98207,Niah,Sarawak
98300,Long Lama,Sarawak
98700,Limbang,Sarawak
98707,Limbang,Sarawak
98708,Limbang,Sarawak
98709,Limbang,Sarawak
98750,Nanga Medamit,Sarawak
98800,Lawas,Sarawak
98850,Lawas,Sarawak
98857,Lawas,Sarawak
98859,Lawas,Sarawak
